-- phpMyAdmin SQL Dump
-- version 5.2.1
-- https://www.phpmyadmin.net/
--
-- Host: 127.0.0.1
-- Generation Time: Jul 17, 2025 at 05:18 PM
-- Server version: 10.4.32-MariaDB
-- PHP Version: 8.2.12

SET SQL_MODE = "NO_AUTO_VALUE_ON_ZERO";
START TRANSACTION;
SET time_zone = "+00:00";


/*!40101 SET @OLD_CHARACTER_SET_CLIENT=@@CHARACTER_SET_CLIENT */;
/*!40101 SET @OLD_CHARACTER_SET_RESULTS=@@CHARACTER_SET_RESULTS */;
/*!40101 SET @OLD_COLLATION_CONNECTION=@@COLLATION_CONNECTION */;
/*!40101 SET NAMES utf8mb4 */;

--
-- Database: `perpustakaan_digital`
--

-- --------------------------------------------------------

--
-- Table structure for table `tb_buku`
--

CREATE TABLE `tb_buku` (
  `id_buku` int(11) NOT NULL,
  `judul_buku` varchar(200) NOT NULL,
  `tahun_terbit` year(4) DEFAULT NULL,
  `id_kategori` int(11) DEFAULT NULL,
  `id_penulis` int(11) DEFAULT NULL
) ENGINE=InnoDB DEFAULT CHARSET=utf8mb4 COLLATE=utf8mb4_general_ci;

--
-- Dumping data for table `tb_buku`
--

INSERT INTO `tb_buku` (`id_buku`, `judul_buku`, `tahun_terbit`, `id_kategori`, `id_penulis`) VALUES
(1, 'Harry Potter', '1997', 2, 13),
(2, 'Lord of the Mysteries', '2018', 2, 2),
(3, 'Judul Buku 1001', '2022', 1, 1),
(4, 'Judul Buku 1002', '2022', 1, 1),
(5, 'Judul Buku 1003', '2022', 1, 1),
(6, 'Judul Buku 1004', '2022', 1, 1),
(7, 'One piece', '1997', 1, 16),
(8, 'Judul Buku 0001', '2018', 3, 10),
(9, 'Judul Buku 0002', '2013', 3, 9),
(10, 'Judul Buku 0003', '2023', 5, 7),
(11, 'Judul Buku 0004', '2022', 9, 12),
(12, 'Judul Buku 0005', '2018', 9, 8),
(13, 'Judul Buku 0006', '2005', 12, 5),
(14, 'Judul Buku 0007', '2018', 9, 8),
(15, 'Judul Buku 0008', '2020', 6, 2),
(16, 'Judul Buku 0009', '2003', 7, 3),
(17, 'Judul Buku 0010', '2007', 9, 6),
(18, 'Judul Buku 0011', '2019', 8, 13),
(19, 'Judul Buku 0012', '2003', 8, 3),
(20, 'Judul Buku 0013', '2013', 11, 8),
(21, 'Judul Buku 0014', '2014', 7, 12),
(22, 'Judul Buku 0015', '2006', 3, 15),
(23, 'Judul Buku 0016', '2023', 5, 3),
(24, 'Judul Buku 0017', '2014', 4, 12),
(25, 'Judul Buku 0018', '2004', 5, 4),
(26, 'Judul Buku 0019', '2001', 5, 6),
(27, 'Judul Buku 0020', '2015', 5, 9),
(28, 'Judul Buku 0021', '2010', 11, 11),
(29, 'Judul Buku 0022', '2018', 12, 3),
(30, 'Judul Buku 0023', '2018', 11, 15),
(31, 'Judul Buku 0024', '2002', 2, 9),
(32, 'Judul Buku 0025', '2013', 7, 9),
(33, 'Judul Buku 0026', '2008', 7, 1),
(34, 'Judul Buku 0027', '2020', 4, 4),
(35, 'Judul Buku 0028', '2007', 3, 7),
(36, 'Judul Buku 0029', '2002', 12, 14),
(37, 'Judul Buku 0030', '2014', 9, 6),
(38, 'Judul Buku 0031', '2007', 11, 13),
(39, 'Judul Buku 0032', '2017', 5, 15),
(40, 'Judul Buku 0033', '2006', 11, 14),
(41, 'Judul Buku 0034', '2017', 3, 5),
(42, 'Judul Buku 0035', '2004', 5, 12),
(43, 'Judul Buku 0036', '2003', 6, 6),
(44, 'Judul Buku 0037', '2009', 12, 10),
(45, 'Judul Buku 0038', '2017', 8, 11),
(46, 'Judul Buku 0039', '2011', 3, 15),
(47, 'Judul Buku 0040', '2011', 11, 7),
(48, 'Judul Buku 0041', '2003', 6, 14),
(49, 'Judul Buku 0042', '2018', 7, 2),
(50, 'Judul Buku 0043', '2007', 8, 13),
(51, 'Judul Buku 0044', '2021', 7, 2),
(52, 'Judul Buku 0045', '2010', 8, 2),
(53, 'Judul Buku 0046', '2017', 5, 2),
(54, 'Judul Buku 0047', '2011', 12, 8),
(55, 'Judul Buku 0048', '2004', 4, 3),
(56, 'Judul Buku 0049', '2023', 8, 10),
(57, 'Judul Buku 0050', '2020', 3, 13),
(58, 'Judul Buku 0051', '2016', 4, 11),
(59, 'Judul Buku 0052', '2017', 2, 13),
(60, 'Judul Buku 0053', '2011', 1, 12),
(61, 'Judul Buku 0054', '2023', 5, 2),
(62, 'Judul Buku 0055', '2000', 2, 12),
(63, 'Judul Buku 0056', '2010', 8, 11),
(64, 'Judul Buku 0057', '2004', 11, 10),
(65, 'Judul Buku 0058', '2011', 9, 10),
(66, 'Judul Buku 0059', '2012', 9, 14),
(67, 'Judul Buku 0060', '2015', 2, 1),
(68, 'Judul Buku 0061', '2019', 4, 14),
(69, 'Judul Buku 0062', '2013', 5, 4),
(70, 'Judul Buku 0063', '2014', 3, 8),
(71, 'Judul Buku 0064', '2008', 9, 12),
(72, 'Judul Buku 0065', '2009', 2, 7),
(73, 'Judul Buku 0066', '2018', 6, 3),
(74, 'Judul Buku 0067', '2013', 1, 7),
(75, 'Judul Buku 0068', '2006', 7, 14),
(76, 'Judul Buku 0069', '2005', 9, 14),
(77, 'Judul Buku 0070', '2024', 3, 4),
(78, 'Judul Buku 0071', '2006', 8, 14),
(79, 'Judul Buku 0072', '2005', 5, 14),
(80, 'Judul Buku 0073', '2006', 1, 8),
(81, 'Judul Buku 0074', '2003', 10, 10),
(82, 'Judul Buku 0075', '2020', 3, 14),
(83, 'Judul Buku 0076', '2017', 7, 9),
(84, 'Judul Buku 0077', '2012', 2, 14),
(85, 'Judul Buku 0078', '2020', 2, 13),
(86, 'Judul Buku 0079', '2006', 4, 12),
(87, 'Judul Buku 0080', '2021', 2, 8),
(88, 'Judul Buku 0081', '2025', 9, 1),
(89, 'Judul Buku 0082', '2016', 5, 8),
(90, 'Judul Buku 0083', '2006', 7, 8),
(91, 'Judul Buku 0084', '2022', 10, 15),
(92, 'Judul Buku 0085', '2013', 9, 6),
(93, 'Judul Buku 0086', '2002', 2, 2),
(94, 'Judul Buku 0087', '2002', 5, 1),
(95, 'Judul Buku 0088', '2002', 11, 14),
(96, 'Judul Buku 0089', '2017', 12, 10),
(97, 'Judul Buku 0090', '2007', 5, 5),
(98, 'Judul Buku 0091', '2013', 10, 11),
(99, 'Judul Buku 0092', '2013', 6, 5),
(100, 'Judul Buku 0093', '2019', 8, 8),
(101, 'Judul Buku 0094', '2022', 1, 3),
(102, 'Judul Buku 0095', '2014', 9, 5),
(103, 'Judul Buku 0096', '2014', 11, 7),
(104, 'Judul Buku 0097', '2015', 8, 4),
(105, 'Judul Buku 0098', '2012', 2, 2),
(106, 'Judul Buku 0099', '2000', 6, 5),
(107, 'Judul Buku 0100', '2008', 5, 9),
(108, 'Judul Buku 0101', '2018', 11, 12),
(109, 'Judul Buku 0102', '2017', 7, 15),
(110, 'Judul Buku 0103', '2005', 2, 15),
(111, 'Judul Buku 0104', '2017', 2, 11),
(112, 'Judul Buku 0105', '2018', 7, 6),
(113, 'Judul Buku 0106', '2024', 3, 8),
(114, 'Judul Buku 0107', '2024', 2, 4),
(115, 'Judul Buku 0108', '2009', 8, 13),
(116, 'Judul Buku 0109', '2011', 5, 4),
(117, 'Judul Buku 0110', '2007', 12, 10),
(118, 'Judul Buku 0111', '2007', 3, 7),
(119, 'Judul Buku 0112', '2015', 7, 9),
(120, 'Judul Buku 0113', '2006', 6, 9),
(121, 'Judul Buku 0114', '2005', 1, 7),
(122, 'Judul Buku 0115', '2023', 12, 2),
(123, 'Judul Buku 0116', '2018', 4, 11),
(124, 'Judul Buku 0117', '2010', 3, 1),
(125, 'Judul Buku 0118', '2013', 10, 4),
(126, 'Judul Buku 0119', '2018', 11, 13),
(127, 'Judul Buku 0120', '2007', 11, 10),
(128, 'Judul Buku 0121', '2024', 12, 15),
(129, 'Judul Buku 0122', '2008', 8, 15),
(130, 'Judul Buku 0123', '2018', 8, 6),
(131, 'Judul Buku 0124', '2013', 2, 2),
(132, 'Judul Buku 0125', '2002', 11, 4),
(133, 'Judul Buku 0126', '2025', 9, 3),
(134, 'Judul Buku 0127', '2004', 11, 1),
(135, 'Judul Buku 0128', '2012', 10, 5),
(136, 'Judul Buku 0129', '2010', 2, 12),
(137, 'Judul Buku 0130', '2005', 4, 14),
(138, 'Judul Buku 0131', '2019', 1, 6),
(139, 'Judul Buku 0132', '2010', 1, 9),
(140, 'Judul Buku 0133', '2002', 8, 2),
(141, 'Judul Buku 0134', '2023', 7, 13),
(142, 'Judul Buku 0135', '2025', 11, 12),
(143, 'Judul Buku 0136', '2005', 1, 3),
(144, 'Judul Buku 0137', '2008', 6, 3),
(145, 'Judul Buku 0138', '2001', 1, 14),
(146, 'Judul Buku 0139', '2002', 2, 8),
(147, 'Judul Buku 0140', '2011', 2, 13),
(148, 'Judul Buku 0141', '2021', 8, 9),
(149, 'Judul Buku 0142', '2002', 2, 1),
(150, 'Judul Buku 0143', '2017', 10, 8),
(151, 'Judul Buku 0144', '2015', 2, 6),
(152, 'Judul Buku 0145', '2013', 6, 2),
(153, 'Judul Buku 0146', '2008', 9, 12),
(154, 'Judul Buku 0147', '2016', 11, 9),
(155, 'Judul Buku 0148', '2007', 12, 9),
(156, 'Judul Buku 0149', '2000', 7, 1),
(157, 'Judul Buku 0150', '2023', 2, 13),
(158, 'Judul Buku 0151', '2008', 9, 3),
(159, 'Judul Buku 0152', '2010', 7, 14),
(160, 'Judul Buku 0153', '2004', 6, 3),
(161, 'Judul Buku 0154', '2004', 3, 15),
(162, 'Judul Buku 0155', '2021', 11, 15),
(163, 'Judul Buku 0156', '2010', 8, 15),
(164, 'Judul Buku 0157', '2014', 6, 8),
(165, 'Judul Buku 0158', '2004', 8, 11),
(166, 'Judul Buku 0159', '2025', 9, 13),
(167, 'Judul Buku 0160', '2023', 3, 13),
(168, 'Judul Buku 0161', '2014', 2, 10),
(169, 'Judul Buku 0162', '2000', 2, 3),
(170, 'Judul Buku 0163', '2004', 8, 2),
(171, 'Judul Buku 0164', '2011', 9, 15),
(172, 'Judul Buku 0165', '2003', 12, 12),
(173, 'Judul Buku 0166', '2004', 12, 11),
(174, 'Judul Buku 0167', '2020', 10, 11),
(175, 'Judul Buku 0168', '2017', 7, 3),
(176, 'Judul Buku 0169', '2018', 11, 9),
(177, 'Judul Buku 0170', '2000', 11, 10),
(178, 'Judul Buku 0171', '2004', 1, 4),
(179, 'Judul Buku 0172', '2007', 3, 1),
(180, 'Judul Buku 0173', '2017', 7, 14),
(181, 'Judul Buku 0174', '2022', 7, 4),
(182, 'Judul Buku 0175', '2021', 2, 5),
(183, 'Judul Buku 0176', '2010', 7, 11),
(184, 'Judul Buku 0177', '2007', 11, 7),
(185, 'Judul Buku 0178', '2002', 6, 4),
(186, 'Judul Buku 0179', '2024', 8, 2),
(187, 'Judul Buku 0180', '2007', 6, 8),
(188, 'Judul Buku 0181', '2012', 6, 5),
(189, 'Judul Buku 0182', '2019', 12, 9),
(190, 'Judul Buku 0183', '2025', 4, 15),
(191, 'Judul Buku 0184', '2005', 7, 9),
(192, 'Judul Buku 0185', '2011', 2, 13),
(193, 'Judul Buku 0186', '2016', 11, 5),
(194, 'Judul Buku 0187', '2019', 11, 12),
(195, 'Judul Buku 0188', '2011', 4, 7),
(196, 'Judul Buku 0189', '2005', 12, 7),
(197, 'Judul Buku 0190', '2006', 12, 6),
(198, 'Judul Buku 0191', '2013', 4, 6),
(199, 'Judul Buku 0192', '2015', 2, 1),
(200, 'Judul Buku 0193', '2000', 1, 7),
(201, 'Judul Buku 0194', '2000', 3, 2),
(202, 'Judul Buku 0195', '2005', 12, 8),
(203, 'Judul Buku 0196', '2016', 4, 8),
(204, 'Judul Buku 0197', '2007', 10, 6),
(205, 'Judul Buku 0198', '2020', 1, 11),
(206, 'Judul Buku 0199', '2014', 7, 9),
(207, 'Judul Buku 0200', '2022', 10, 12),
(208, 'Judul Buku 0201', '2011', 4, 14),
(209, 'Judul Buku 0202', '2024', 7, 2),
(210, 'Judul Buku 0203', '2025', 5, 14),
(211, 'Judul Buku 0204', '2008', 9, 1),
(212, 'Judul Buku 0205', '2011', 1, 3),
(213, 'Judul Buku 0206', '2001', 6, 8),
(214, 'Judul Buku 0207', '2012', 6, 15),
(215, 'Judul Buku 0208', '2020', 11, 5),
(216, 'Judul Buku 0209', '2010', 5, 14),
(217, 'Judul Buku 0210', '2011', 5, 1),
(218, 'Judul Buku 0211', '2021', 12, 9),
(219, 'Judul Buku 0212', '2016', 6, 1),
(220, 'Judul Buku 0213', '2010', 1, 9),
(221, 'Judul Buku 0214', '2022', 6, 13),
(222, 'Judul Buku 0215', '2021', 12, 6),
(223, 'Judul Buku 0216', '2005', 4, 8),
(224, 'Judul Buku 0217', '2025', 1, 8),
(225, 'Judul Buku 0218', '2004', 1, 6),
(226, 'Judul Buku 0219', '2009', 2, 4),
(227, 'Judul Buku 0220', '2000', 2, 9),
(228, 'Judul Buku 0221', '2016', 11, 3),
(229, 'Judul Buku 0222', '2024', 11, 5),
(230, 'Judul Buku 0223', '2000', 3, 6),
(231, 'Judul Buku 0224', '2005', 3, 10),
(232, 'Judul Buku 0225', '2005', 11, 5),
(233, 'Judul Buku 0226', '2012', 7, 3),
(234, 'Judul Buku 0227', '2016', 10, 7),
(235, 'Judul Buku 0228', '2014', 7, 5),
(236, 'Judul Buku 0229', '2020', 10, 5),
(237, 'Judul Buku 0230', '2017', 11, 4),
(238, 'Judul Buku 0231', '2024', 2, 15),
(239, 'Judul Buku 0232', '2009', 2, 4),
(240, 'Judul Buku 0233', '2006', 7, 12),
(241, 'Judul Buku 0234', '2020', 10, 2),
(242, 'Judul Buku 0235', '2000', 10, 12),
(243, 'Judul Buku 0236', '2009', 1, 15),
(244, 'Judul Buku 0237', '2002', 1, 2),
(245, 'Judul Buku 0238', '2003', 1, 8),
(246, 'Judul Buku 0239', '2012', 3, 4),
(247, 'Judul Buku 0240', '2004', 12, 3),
(248, 'Judul Buku 0241', '2003', 5, 9),
(249, 'Judul Buku 0242', '2001', 3, 1),
(250, 'Judul Buku 0243', '2011', 1, 13),
(251, 'Judul Buku 0244', '2025', 6, 6),
(252, 'Judul Buku 0245', '2014', 8, 13),
(253, 'Judul Buku 0246', '2000', 4, 1),
(254, 'Judul Buku 0247', '2003', 4, 14),
(255, 'Judul Buku 0248', '2012', 12, 11),
(256, 'Judul Buku 0249', '2005', 12, 15),
(257, 'Judul Buku 0250', '2020', 3, 7),
(258, 'Judul Buku 0251', '2011', 5, 13),
(259, 'Judul Buku 0252', '2021', 4, 5),
(260, 'Judul Buku 0253', '2003', 2, 6),
(261, 'Judul Buku 0254', '2025', 1, 11),
(262, 'Judul Buku 0255', '2019', 11, 11),
(263, 'Judul Buku 0256', '2024', 10, 7),
(264, 'Judul Buku 0257', '2003', 11, 8),
(265, 'Judul Buku 0258', '2001', 6, 1),
(266, 'Judul Buku 0259', '2007', 3, 4),
(267, 'Judul Buku 0260', '2000', 9, 10),
(268, 'Judul Buku 0261', '2023', 3, 13),
(269, 'Judul Buku 0262', '2025', 1, 3),
(270, 'Judul Buku 0263', '2025', 12, 5),
(271, 'Judul Buku 0264', '2018', 9, 1),
(272, 'Judul Buku 0265', '2000', 3, 8),
(273, 'Judul Buku 0266', '2012', 5, 15),
(274, 'Judul Buku 0267', '2024', 12, 2),
(275, 'Judul Buku 0268', '2013', 2, 8),
(276, 'Judul Buku 0269', '2025', 4, 4),
(277, 'Judul Buku 0270', '2008', 2, 12),
(278, 'Judul Buku 0271', '2005', 5, 12),
(279, 'Judul Buku 0272', '2007', 11, 11),
(280, 'Judul Buku 0273', '2005', 5, 11),
(281, 'Judul Buku 0274', '2010', 6, 13),
(282, 'Judul Buku 0275', '2020', 8, 14),
(283, 'Judul Buku 0276', '2002', 7, 5),
(284, 'Judul Buku 0277', '2018', 10, 4),
(285, 'Judul Buku 0278', '2021', 10, 8),
(286, 'Judul Buku 0279', '2013', 12, 6),
(287, 'Judul Buku 0280', '2007', 8, 11),
(288, 'Judul Buku 0281', '2024', 1, 10),
(289, 'Judul Buku 0282', '2017', 10, 8),
(290, 'Judul Buku 0283', '2011', 2, 14),
(291, 'Judul Buku 0284', '2024', 11, 3),
(292, 'Judul Buku 0285', '2023', 2, 7),
(293, 'Judul Buku 0286', '2022', 2, 7),
(294, 'Judul Buku 0287', '2017', 9, 2),
(295, 'Judul Buku 0288', '2016', 6, 11),
(296, 'Judul Buku 0289', '2020', 2, 4),
(297, 'Judul Buku 0290', '2009', 2, 2),
(298, 'Judul Buku 0291', '2005', 5, 3),
(299, 'Judul Buku 0292', '2002', 6, 15),
(300, 'Judul Buku 0293', '2000', 2, 8),
(301, 'Judul Buku 0294', '2006', 7, 8),
(302, 'Judul Buku 0295', '2023', 4, 3),
(303, 'Judul Buku 0296', '2013', 5, 10),
(304, 'Judul Buku 0297', '2007', 9, 1),
(305, 'Judul Buku 0298', '2019', 9, 10),
(306, 'Judul Buku 0299', '2009', 4, 3),
(307, 'Judul Buku 0300', '2009', 9, 3),
(308, 'Judul Buku 0301', '2006', 7, 7),
(309, 'Judul Buku 0302', '2024', 9, 7),
(310, 'Judul Buku 0303', '2001', 5, 7),
(311, 'Judul Buku 0304', '2009', 7, 15),
(312, 'Judul Buku 0305', '2015', 4, 9),
(313, 'Judul Buku 0306', '2010', 11, 7),
(314, 'Judul Buku 0307', '2004', 2, 9),
(315, 'Judul Buku 0308', '2005', 10, 11),
(316, 'Judul Buku 0309', '2016', 4, 15),
(317, 'Judul Buku 0310', '2017', 3, 6),
(318, 'Judul Buku 0311', '2025', 4, 4),
(319, 'Judul Buku 0312', '2016', 10, 8),
(320, 'Judul Buku 0313', '2014', 6, 11),
(321, 'Judul Buku 0314', '2002', 9, 9),
(322, 'Judul Buku 0315', '2008', 7, 6),
(323, 'Judul Buku 0316', '2006', 5, 7),
(324, 'Judul Buku 0317', '2017', 11, 1),
(325, 'Judul Buku 0318', '2014', 11, 11),
(326, 'Judul Buku 0319', '2012', 2, 13),
(327, 'Judul Buku 0320', '2002', 9, 7),
(328, 'Judul Buku 0321', '2010', 12, 3),
(329, 'Judul Buku 0322', '2000', 6, 10),
(330, 'Judul Buku 0323', '2025', 3, 11),
(331, 'Judul Buku 0324', '2010', 6, 11),
(332, 'Judul Buku 0325', '2005', 7, 13),
(333, 'Judul Buku 0326', '2024', 8, 9),
(334, 'Judul Buku 0327', '2024', 9, 2),
(335, 'Judul Buku 0328', '2017', 12, 6),
(336, 'Judul Buku 0329', '2005', 10, 11),
(337, 'Judul Buku 0330', '2013', 6, 6),
(338, 'Judul Buku 0331', '2000', 2, 12),
(339, 'Judul Buku 0332', '2018', 3, 3),
(340, 'Judul Buku 0333', '2024', 4, 11),
(341, 'Judul Buku 0334', '2023', 12, 13),
(342, 'Judul Buku 0335', '2001', 11, 12),
(343, 'Judul Buku 0336', '2020', 1, 14),
(344, 'Judul Buku 0337', '2013', 7, 12),
(345, 'Judul Buku 0338', '2004', 12, 13),
(346, 'Judul Buku 0339', '2002', 10, 5),
(347, 'Judul Buku 0340', '2014', 6, 7),
(348, 'Judul Buku 0341', '2019', 9, 3),
(349, 'Judul Buku 0342', '2022', 4, 6),
(350, 'Judul Buku 0343', '2020', 5, 8),
(351, 'Judul Buku 0344', '2018', 8, 12),
(352, 'Judul Buku 0345', '2013', 12, 11),
(353, 'Judul Buku 0346', '2001', 3, 12),
(354, 'Judul Buku 0347', '2012', 8, 3),
(355, 'Judul Buku 0348', '2003', 9, 9),
(356, 'Judul Buku 0349', '2010', 5, 9),
(357, 'Judul Buku 0350', '2003', 5, 14),
(358, 'Judul Buku 0351', '2020', 5, 6),
(359, 'Judul Buku 0352', '2024', 6, 13),
(360, 'Judul Buku 0353', '2016', 9, 14),
(361, 'Judul Buku 0354', '2011', 10, 11),
(362, 'Judul Buku 0355', '2008', 10, 14),
(363, 'Judul Buku 0356', '2011', 10, 10),
(364, 'Judul Buku 0357', '2021', 3, 6),
(365, 'Judul Buku 0358', '2000', 6, 15),
(366, 'Judul Buku 0359', '2018', 4, 15),
(367, 'Judul Buku 0360', '2025', 10, 3),
(368, 'Judul Buku 0361', '2009', 12, 10),
(369, 'Judul Buku 0362', '2013', 5, 15),
(370, 'Judul Buku 0363', '2024', 9, 3),
(371, 'Judul Buku 0364', '2003', 6, 10),
(372, 'Judul Buku 0365', '2024', 10, 2),
(373, 'Judul Buku 0366', '2011', 3, 5),
(374, 'Judul Buku 0367', '2006', 6, 3),
(375, 'Judul Buku 0368', '2022', 2, 3),
(376, 'Judul Buku 0369', '2011', 12, 5),
(377, 'Judul Buku 0370', '2016', 1, 5),
(378, 'Judul Buku 0371', '2025', 10, 11),
(379, 'Judul Buku 0372', '2006', 7, 9),
(380, 'Judul Buku 0373', '2000', 1, 15),
(381, 'Judul Buku 0374', '2007', 12, 13),
(382, 'Judul Buku 0375', '2004', 1, 13),
(383, 'Judul Buku 0376', '2012', 9, 2),
(384, 'Judul Buku 0377', '2019', 6, 2),
(385, 'Judul Buku 0378', '2024', 12, 12),
(386, 'Judul Buku 0379', '2020', 1, 12),
(387, 'Judul Buku 0380', '2014', 12, 15),
(388, 'Judul Buku 0381', '2000', 1, 10),
(389, 'Judul Buku 0382', '2009', 2, 6),
(390, 'Judul Buku 0383', '2014', 4, 11),
(391, 'Judul Buku 0384', '2017', 9, 4),
(392, 'Judul Buku 0385', '2001', 8, 7),
(393, 'Judul Buku 0386', '2013', 8, 15),
(394, 'Judul Buku 0387', '2019', 11, 14),
(395, 'Judul Buku 0388', '2020', 10, 13),
(396, 'Judul Buku 0389', '2014', 8, 14),
(397, 'Judul Buku 0390', '2019', 7, 5),
(398, 'Judul Buku 0391', '2024', 1, 10),
(399, 'Judul Buku 0392', '2006', 5, 3),
(400, 'Judul Buku 0393', '2015', 2, 8),
(401, 'Judul Buku 0394', '2003', 8, 2),
(402, 'Judul Buku 0395', '2004', 9, 10),
(403, 'Judul Buku 0396', '2001', 10, 4),
(404, 'Judul Buku 0397', '2012', 1, 10),
(405, 'Judul Buku 0398', '2021', 12, 3),
(406, 'Judul Buku 0399', '2009', 12, 1),
(407, 'Judul Buku 0400', '2012', 12, 5),
(408, 'Judul Buku 0401', '2014', 11, 15),
(409, 'Judul Buku 0402', '2023', 11, 13),
(410, 'Judul Buku 0403', '2013', 9, 14),
(411, 'Judul Buku 0404', '2005', 7, 2),
(412, 'Judul Buku 0405', '2024', 3, 4),
(413, 'Judul Buku 0406', '2001', 11, 14),
(414, 'Judul Buku 0407', '2016', 7, 13),
(415, 'Judul Buku 0408', '2025', 11, 15),
(416, 'Judul Buku 0409', '2021', 10, 10),
(417, 'Judul Buku 0410', '2015', 6, 2),
(418, 'Judul Buku 0411', '2014', 1, 12),
(419, 'Judul Buku 0412', '2012', 8, 9),
(420, 'Judul Buku 0413', '2005', 4, 10),
(421, 'Judul Buku 0414', '2018', 9, 9),
(422, 'Judul Buku 0415', '2000', 5, 9),
(423, 'Judul Buku 0416', '2014', 9, 1),
(424, 'Judul Buku 0417', '2014', 6, 11),
(425, 'Judul Buku 0418', '2019', 9, 6),
(426, 'Judul Buku 0419', '2020', 8, 2),
(427, 'Judul Buku 0420', '2014', 5, 5),
(428, 'Judul Buku 0421', '2009', 5, 8),
(429, 'Judul Buku 0422', '2002', 6, 10),
(430, 'Judul Buku 0423', '2008', 5, 4),
(431, 'Judul Buku 0424', '2007', 5, 11),
(432, 'Judul Buku 0425', '2019', 8, 15),
(433, 'Judul Buku 0426', '2006', 1, 15),
(434, 'Judul Buku 0427', '2019', 11, 14),
(435, 'Judul Buku 0428', '2025', 9, 9),
(436, 'Judul Buku 0429', '2011', 9, 11),
(437, 'Judul Buku 0430', '2013', 9, 15),
(438, 'Judul Buku 0431', '2014', 7, 5),
(439, 'Judul Buku 0432', '2021', 9, 7),
(440, 'Judul Buku 0433', '2019', 12, 13),
(441, 'Judul Buku 0434', '2024', 1, 3),
(442, 'Judul Buku 0435', '2015', 11, 6),
(443, 'Judul Buku 0436', '2019', 6, 3),
(444, 'Judul Buku 0437', '2009', 6, 3),
(445, 'Judul Buku 0438', '2012', 12, 2),
(446, 'Judul Buku 0439', '2022', 5, 1),
(447, 'Judul Buku 0440', '2018', 8, 15),
(448, 'Judul Buku 0441', '2023', 1, 1),
(449, 'Judul Buku 0442', '2018', 12, 12),
(450, 'Judul Buku 0443', '2014', 5, 5),
(451, 'Judul Buku 0444', '2005', 6, 2),
(452, 'Judul Buku 0445', '2003', 4, 4),
(453, 'Judul Buku 0446', '2020', 4, 8),
(454, 'Judul Buku 0447', '2017', 11, 8),
(455, 'Judul Buku 0448', '2008', 3, 14),
(456, 'Judul Buku 0449', '2019', 5, 14),
(457, 'Judul Buku 0450', '2001', 2, 4),
(458, 'Judul Buku 0451', '2019', 7, 6),
(459, 'Judul Buku 0452', '2018', 3, 3),
(460, 'Judul Buku 0453', '2004', 3, 15),
(461, 'Judul Buku 0454', '2000', 3, 9),
(462, 'Judul Buku 0455', '2004', 2, 8),
(463, 'Judul Buku 0456', '2001', 4, 14),
(464, 'Judul Buku 0457', '2014', 4, 8),
(465, 'Judul Buku 0458', '2016', 9, 9),
(466, 'Judul Buku 0459', '2003', 12, 6),
(467, 'Judul Buku 0460', '2005', 5, 6),
(468, 'Judul Buku 0461', '2013', 4, 4),
(469, 'Judul Buku 0462', '2014', 1, 3),
(470, 'Judul Buku 0463', '2020', 12, 4),
(471, 'Judul Buku 0464', '2014', 6, 14),
(472, 'Judul Buku 0465', '2024', 6, 1),
(473, 'Judul Buku 0466', '2025', 3, 2),
(474, 'Judul Buku 0467', '2003', 9, 3),
(475, 'Judul Buku 0468', '2003', 6, 12),
(476, 'Judul Buku 0469', '2023', 8, 6),
(477, 'Judul Buku 0470', '2014', 3, 9),
(478, 'Judul Buku 0471', '2005', 10, 14),
(479, 'Judul Buku 0472', '2009', 1, 8),
(480, 'Judul Buku 0473', '2008', 6, 11),
(481, 'Judul Buku 0474', '2020', 7, 8),
(482, 'Judul Buku 0475', '2007', 8, 12),
(483, 'Judul Buku 0476', '2023', 1, 12),
(484, 'Judul Buku 0477', '2000', 6, 5),
(485, 'Judul Buku 0478', '2001', 4, 10),
(486, 'Judul Buku 0479', '2019', 10, 8),
(487, 'Judul Buku 0480', '2006', 6, 13),
(488, 'Judul Buku 0481', '2023', 3, 2),
(489, 'Judul Buku 0482', '2022', 2, 5),
(490, 'Judul Buku 0483', '2020', 10, 3),
(491, 'Judul Buku 0484', '2014', 5, 2),
(492, 'Judul Buku 0485', '2022', 11, 10),
(493, 'Judul Buku 0486', '2000', 12, 8),
(494, 'Judul Buku 0487', '2014', 6, 15),
(495, 'Judul Buku 0488', '2004', 2, 10),
(496, 'Judul Buku 0489', '2021', 7, 10),
(497, 'Judul Buku 0490', '2008', 9, 7),
(498, 'Judul Buku 0491', '2014', 5, 13),
(499, 'Judul Buku 0492', '2020', 1, 15),
(500, 'Judul Buku 0493', '2023', 5, 12),
(501, 'Judul Buku 0494', '2002', 8, 2),
(502, 'Judul Buku 0495', '2000', 6, 6),
(503, 'Judul Buku 0496', '2015', 2, 9),
(504, 'Judul Buku 0497', '2024', 3, 7),
(505, 'Judul Buku 0498', '2010', 12, 8),
(506, 'Judul Buku 0499', '2013', 8, 3),
(507, 'Judul Buku 0500', '2014', 3, 11),
(508, 'Judul Buku 0501', '2004', 11, 2),
(509, 'Judul Buku 0502', '2012', 6, 7),
(510, 'Judul Buku 0503', '2018', 12, 11),
(511, 'Judul Buku 0504', '2005', 12, 6),
(512, 'Judul Buku 0505', '2025', 11, 15),
(513, 'Judul Buku 0506', '2024', 2, 12),
(514, 'Judul Buku 0507', '2017', 9, 9),
(515, 'Judul Buku 0508', '2002', 11, 12),
(516, 'Judul Buku 0509', '2019', 3, 13),
(517, 'Judul Buku 0510', '2005', 5, 11),
(518, 'Judul Buku 0511', '2013', 8, 8),
(519, 'Judul Buku 0512', '2024', 4, 15),
(520, 'Judul Buku 0513', '2021', 2, 8),
(521, 'Judul Buku 0514', '2018', 1, 15),
(522, 'Judul Buku 0515', '2001', 4, 1),
(523, 'Judul Buku 0516', '2007', 9, 6),
(524, 'Judul Buku 0517', '2009', 9, 1),
(525, 'Judul Buku 0518', '2018', 2, 13),
(526, 'Judul Buku 0519', '2016', 1, 5),
(527, 'Judul Buku 0520', '2004', 9, 15),
(528, 'Judul Buku 0521', '2017', 5, 6),
(529, 'Judul Buku 0522', '2024', 8, 8),
(530, 'Judul Buku 0523', '2020', 4, 13),
(531, 'Judul Buku 0524', '2023', 7, 4),
(532, 'Judul Buku 0525', '2018', 10, 12),
(533, 'Judul Buku 0526', '2017', 4, 6),
(534, 'Judul Buku 0527', '2007', 11, 4),
(535, 'Judul Buku 0528', '2009', 3, 12),
(536, 'Judul Buku 0529', '2004', 8, 5),
(537, 'Judul Buku 0530', '2019', 7, 12),
(538, 'Judul Buku 0531', '2016', 12, 15),
(539, 'Judul Buku 0532', '2006', 3, 8),
(540, 'Judul Buku 0533', '2010', 6, 11),
(541, 'Judul Buku 0534', '2015', 5, 12),
(542, 'Judul Buku 0535', '2009', 2, 5),
(543, 'Judul Buku 0536', '2020', 8, 8),
(544, 'Judul Buku 0537', '2022', 4, 8),
(545, 'Judul Buku 0538', '2000', 1, 4),
(546, 'Judul Buku 0539', '2017', 7, 4),
(547, 'Judul Buku 0540', '2016', 8, 10),
(548, 'Judul Buku 0541', '2000', 10, 7),
(549, 'Judul Buku 0542', '2001', 6, 5),
(550, 'Judul Buku 0543', '2004', 1, 9),
(551, 'Judul Buku 0544', '2000', 1, 10),
(552, 'Judul Buku 0545', '2010', 3, 6),
(553, 'Judul Buku 0546', '2008', 7, 15),
(554, 'Judul Buku 0547', '2014', 12, 7),
(555, 'Judul Buku 0548', '2012', 5, 12),
(556, 'Judul Buku 0549', '2011', 9, 13),
(557, 'Judul Buku 0550', '2000', 3, 12),
(558, 'Judul Buku 0551', '2018', 9, 14),
(559, 'Judul Buku 0552', '2019', 7, 11),
(560, 'Judul Buku 0553', '2006', 2, 13),
(561, 'Judul Buku 0554', '2008', 8, 15),
(562, 'Judul Buku 0555', '2016', 8, 11),
(563, 'Judul Buku 0556', '2010', 12, 1),
(564, 'Judul Buku 0557', '2024', 7, 7),
(565, 'Judul Buku 0558', '2002', 7, 9),
(566, 'Judul Buku 0559', '2008', 10, 6),
(567, 'Judul Buku 0560', '2012', 6, 12),
(568, 'Judul Buku 0561', '2010', 1, 5),
(569, 'Judul Buku 0562', '2014', 5, 11),
(570, 'Judul Buku 0563', '2021', 6, 12),
(571, 'Judul Buku 0564', '2018', 10, 8),
(572, 'Judul Buku 0565', '2024', 8, 5),
(573, 'Judul Buku 0566', '2014', 5, 1),
(574, 'Judul Buku 0567', '2022', 6, 13),
(575, 'Judul Buku 0568', '2022', 3, 4),
(576, 'Judul Buku 0569', '2009', 2, 5),
(577, 'Judul Buku 0570', '2016', 7, 1),
(578, 'Judul Buku 0571', '2007', 3, 3),
(579, 'Judul Buku 0572', '2025', 6, 1),
(580, 'Judul Buku 0573', '2015', 7, 11),
(581, 'Judul Buku 0574', '2004', 3, 3),
(582, 'Judul Buku 0575', '2019', 7, 11),
(583, 'Judul Buku 0576', '2020', 10, 8),
(584, 'Judul Buku 0577', '2010', 3, 8),
(585, 'Judul Buku 0578', '2018', 1, 4),
(586, 'Judul Buku 0579', '2020', 1, 1),
(587, 'Judul Buku 0580', '2025', 7, 1),
(588, 'Judul Buku 0581', '2024', 8, 5),
(589, 'Judul Buku 0582', '2024', 7, 8),
(590, 'Judul Buku 0583', '2006', 11, 12),
(591, 'Judul Buku 0584', '2011', 2, 7),
(592, 'Judul Buku 0585', '2004', 1, 9),
(593, 'Judul Buku 0586', '2002', 7, 14),
(594, 'Judul Buku 0587', '2002', 12, 2),
(595, 'Judul Buku 0588', '2001', 8, 6),
(596, 'Judul Buku 0589', '2014', 9, 10),
(597, 'Judul Buku 0590', '2025', 10, 15),
(598, 'Judul Buku 0591', '2007', 2, 15),
(599, 'Judul Buku 0592', '2023', 5, 13),
(600, 'Judul Buku 0593', '2001', 6, 6),
(601, 'Judul Buku 0594', '2020', 1, 15),
(602, 'Judul Buku 0595', '2015', 6, 7),
(603, 'Judul Buku 0596', '2005', 8, 12),
(604, 'Judul Buku 0597', '2017', 7, 8),
(605, 'Judul Buku 0598', '2011', 4, 12),
(606, 'Judul Buku 0599', '2006', 4, 13),
(607, 'Judul Buku 0600', '2022', 3, 10),
(608, 'Judul Buku 0601', '2008', 5, 9),
(609, 'Judul Buku 0602', '2023', 4, 8),
(610, 'Judul Buku 0603', '2014', 8, 8),
(611, 'Judul Buku 0604', '2005', 1, 2),
(612, 'Judul Buku 0605', '2000', 7, 4),
(613, 'Judul Buku 0606', '2014', 6, 4),
(614, 'Judul Buku 0607', '2004', 8, 15),
(615, 'Judul Buku 0608', '2018', 1, 8),
(616, 'Judul Buku 0609', '2021', 11, 3),
(617, 'Judul Buku 0610', '2025', 8, 15),
(618, 'Judul Buku 0611', '2001', 9, 2),
(619, 'Judul Buku 0612', '2021', 11, 6),
(620, 'Judul Buku 0613', '2003', 8, 5),
(621, 'Judul Buku 0614', '2009', 3, 12),
(622, 'Judul Buku 0615', '2020', 7, 3),
(623, 'Judul Buku 0616', '2022', 5, 7),
(624, 'Judul Buku 0617', '2009', 5, 4),
(625, 'Judul Buku 0618', '2016', 3, 5),
(626, 'Judul Buku 0619', '2015', 2, 14),
(627, 'Judul Buku 0620', '2023', 6, 2),
(628, 'Judul Buku 0621', '2006', 6, 13),
(629, 'Judul Buku 0622', '2017', 1, 5),
(630, 'Judul Buku 0623', '2024', 6, 3),
(631, 'Judul Buku 0624', '2012', 1, 7),
(632, 'Judul Buku 0625', '2001', 11, 15),
(633, 'Judul Buku 0626', '2000', 1, 7),
(634, 'Judul Buku 0627', '2024', 6, 6),
(635, 'Judul Buku 0628', '2025', 4, 1),
(636, 'Judul Buku 0629', '2014', 3, 13),
(637, 'Judul Buku 0630', '2024', 4, 12),
(638, 'Judul Buku 0631', '2009', 3, 5),
(639, 'Judul Buku 0632', '2008', 8, 6),
(640, 'Judul Buku 0633', '2002', 3, 13),
(641, 'Judul Buku 0634', '2009', 9, 12),
(642, 'Judul Buku 0635', '2000', 8, 12),
(643, 'Judul Buku 0636', '2021', 3, 10),
(644, 'Judul Buku 0637', '2009', 10, 1),
(645, 'Judul Buku 0638', '2009', 10, 4),
(646, 'Judul Buku 0639', '2024', 3, 14),
(647, 'Judul Buku 0640', '2005', 12, 8),
(648, 'Judul Buku 0641', '2004', 2, 8),
(649, 'Judul Buku 0642', '2006', 8, 10),
(650, 'Judul Buku 0643', '2023', 3, 6),
(651, 'Judul Buku 0644', '2022', 7, 9),
(652, 'Judul Buku 0645', '2023', 4, 13),
(653, 'Judul Buku 0646', '2009', 8, 12),
(654, 'Judul Buku 0647', '2024', 3, 10),
(655, 'Judul Buku 0648', '2018', 11, 9),
(656, 'Judul Buku 0649', '2025', 11, 1),
(657, 'Judul Buku 0650', '2018', 6, 8),
(658, 'Judul Buku 0651', '2007', 2, 11),
(659, 'Judul Buku 0652', '2006', 8, 15),
(660, 'Judul Buku 0653', '2005', 10, 9),
(661, 'Judul Buku 0654', '2008', 7, 12),
(662, 'Judul Buku 0655', '2017', 7, 15),
(663, 'Judul Buku 0656', '2004', 6, 3),
(664, 'Judul Buku 0657', '2014', 10, 5),
(665, 'Judul Buku 0658', '2006', 1, 13),
(666, 'Judul Buku 0659', '2014', 4, 14),
(667, 'Judul Buku 0660', '2012', 9, 4),
(668, 'Judul Buku 0661', '2012', 11, 15),
(669, 'Judul Buku 0662', '2000', 9, 15),
(670, 'Judul Buku 0663', '2019', 6, 13),
(671, 'Judul Buku 0664', '2000', 4, 11),
(672, 'Judul Buku 0665', '2015', 10, 6),
(673, 'Judul Buku 0666', '2005', 12, 7),
(674, 'Judul Buku 0667', '2002', 10, 2),
(675, 'Judul Buku 0668', '2025', 4, 8),
(676, 'Judul Buku 0669', '2011', 8, 5),
(677, 'Judul Buku 0670', '2014', 3, 13),
(678, 'Judul Buku 0671', '2009', 2, 8),
(679, 'Judul Buku 0672', '2005', 10, 10),
(680, 'Judul Buku 0673', '2024', 9, 14),
(681, 'Judul Buku 0674', '2010', 7, 12),
(682, 'Judul Buku 0675', '2015', 8, 5),
(683, 'Judul Buku 0676', '2000', 10, 5),
(684, 'Judul Buku 0677', '2005', 6, 11),
(685, 'Judul Buku 0678', '2019', 12, 14),
(686, 'Judul Buku 0679', '2000', 6, 11),
(687, 'Judul Buku 0680', '2017', 1, 2),
(688, 'Judul Buku 0681', '2023', 7, 8),
(689, 'Judul Buku 0682', '2010', 2, 13),
(690, 'Judul Buku 0683', '2022', 1, 3),
(691, 'Judul Buku 0684', '2012', 2, 5),
(692, 'Judul Buku 0685', '2000', 6, 1),
(693, 'Judul Buku 0686', '2009', 4, 6),
(694, 'Judul Buku 0687', '2001', 5, 9),
(695, 'Judul Buku 0688', '2019', 12, 3),
(696, 'Judul Buku 0689', '2005', 12, 9),
(697, 'Judul Buku 0690', '2018', 6, 8),
(698, 'Judul Buku 0691', '2019', 11, 6),
(699, 'Judul Buku 0692', '2021', 7, 14),
(700, 'Judul Buku 0693', '2024', 2, 12),
(701, 'Judul Buku 0694', '2001', 3, 12),
(702, 'Judul Buku 0695', '2011', 3, 5),
(703, 'Judul Buku 0696', '2007', 10, 9),
(704, 'Judul Buku 0697', '2002', 1, 12),
(705, 'Judul Buku 0698', '2020', 3, 15),
(706, 'Judul Buku 0699', '2021', 7, 15),
(707, 'Judul Buku 0700', '2016', 6, 7),
(708, 'Judul Buku 0701', '2024', 10, 6),
(709, 'Judul Buku 0702', '2016', 10, 15),
(710, 'Judul Buku 0703', '2003', 4, 5),
(711, 'Judul Buku 0704', '2003', 6, 8),
(712, 'Judul Buku 0705', '2003', 12, 13),
(713, 'Judul Buku 0706', '2004', 4, 15),
(714, 'Judul Buku 0707', '2020', 4, 4),
(715, 'Judul Buku 0708', '2010', 10, 4),
(716, 'Judul Buku 0709', '2004', 10, 8),
(717, 'Judul Buku 0710', '2012', 5, 14),
(718, 'Judul Buku 0711', '2015', 6, 13),
(719, 'Judul Buku 0712', '2005', 11, 10),
(720, 'Judul Buku 0713', '2011', 5, 14),
(721, 'Judul Buku 0714', '2015', 7, 10),
(722, 'Judul Buku 0715', '2002', 6, 13),
(723, 'Judul Buku 0716', '2020', 3, 13),
(724, 'Judul Buku 0717', '2020', 10, 1),
(725, 'Judul Buku 0718', '2024', 10, 3),
(726, 'Judul Buku 0719', '2014', 10, 15),
(727, 'Judul Buku 0720', '2013', 11, 11),
(728, 'Judul Buku 0721', '2014', 10, 12),
(729, 'Judul Buku 0722', '2025', 9, 10),
(730, 'Judul Buku 0723', '2010', 1, 14),
(731, 'Judul Buku 0724', '2018', 6, 12),
(732, 'Judul Buku 0725', '2000', 5, 11),
(733, 'Judul Buku 0726', '2018', 11, 14),
(734, 'Judul Buku 0727', '2005', 1, 15),
(735, 'Judul Buku 0728', '2015', 11, 9),
(736, 'Judul Buku 0729', '2008', 7, 4),
(737, 'Judul Buku 0730', '2003', 4, 3),
(738, 'Judul Buku 0731', '2003', 4, 13),
(739, 'Judul Buku 0732', '2019', 4, 10),
(740, 'Judul Buku 0733', '2006', 7, 11),
(741, 'Judul Buku 0734', '2007', 8, 10),
(742, 'Judul Buku 0735', '2025', 6, 3),
(743, 'Judul Buku 0736', '2017', 3, 3),
(744, 'Judul Buku 0737', '2013', 5, 9),
(745, 'Judul Buku 0738', '2021', 10, 9),
(746, 'Judul Buku 0739', '2019', 10, 10),
(747, 'Judul Buku 0740', '2021', 12, 10),
(748, 'Judul Buku 0741', '2015', 3, 10),
(749, 'Judul Buku 0742', '2020', 3, 15),
(750, 'Judul Buku 0743', '2006', 7, 10),
(751, 'Judul Buku 0744', '2008', 11, 13),
(752, 'Judul Buku 0745', '2021', 4, 5),
(753, 'Judul Buku 0746', '2017', 4, 10),
(754, 'Judul Buku 0747', '2002', 6, 15),
(755, 'Judul Buku 0748', '2015', 2, 3),
(756, 'Judul Buku 0749', '2000', 12, 13),
(757, 'Judul Buku 0750', '2005', 6, 1),
(758, 'Judul Buku 0751', '2023', 3, 5),
(759, 'Judul Buku 0752', '2003', 8, 12),
(760, 'Judul Buku 0753', '2012', 8, 8),
(761, 'Judul Buku 0754', '2020', 12, 11),
(762, 'Judul Buku 0755', '2011', 3, 14),
(763, 'Judul Buku 0756', '2002', 2, 1),
(764, 'Judul Buku 0757', '2010', 1, 13),
(765, 'Judul Buku 0758', '2003', 2, 12),
(766, 'Judul Buku 0759', '2020', 4, 12),
(767, 'Judul Buku 0760', '2013', 5, 14),
(768, 'Judul Buku 0761', '2024', 6, 9),
(769, 'Judul Buku 0762', '2003', 9, 7),
(770, 'Judul Buku 0763', '2002', 7, 14),
(771, 'Judul Buku 0764', '2001', 11, 15),
(772, 'Judul Buku 0765', '2022', 9, 6),
(773, 'Judul Buku 0766', '2010', 10, 14),
(774, 'Judul Buku 0767', '2010', 4, 11),
(775, 'Judul Buku 0768', '2023', 3, 2),
(776, 'Judul Buku 0769', '2018', 5, 3),
(777, 'Judul Buku 0770', '2024', 12, 4),
(778, 'Judul Buku 0771', '2012', 5, 11),
(779, 'Judul Buku 0772', '2024', 4, 4),
(780, 'Judul Buku 0773', '2001', 9, 3),
(781, 'Judul Buku 0774', '2020', 5, 15),
(782, 'Judul Buku 0775', '2017', 11, 9),
(783, 'Judul Buku 0776', '2008', 5, 15),
(784, 'Judul Buku 0777', '2025', 5, 6),
(785, 'Judul Buku 0778', '2011', 2, 1),
(786, 'Judul Buku 0779', '2016', 1, 9),
(787, 'Judul Buku 0780', '2015', 1, 7),
(788, 'Judul Buku 0781', '2006', 6, 4),
(789, 'Judul Buku 0782', '2023', 6, 15),
(790, 'Judul Buku 0783', '2021', 7, 11),
(791, 'Judul Buku 0784', '2011', 4, 14),
(792, 'Judul Buku 0785', '2003', 7, 3),
(793, 'Judul Buku 0786', '2022', 8, 5),
(794, 'Judul Buku 0787', '2022', 5, 1),
(795, 'Judul Buku 0788', '2017', 7, 6),
(796, 'Judul Buku 0789', '2020', 1, 7),
(797, 'Judul Buku 0790', '2019', 6, 1),
(798, 'Judul Buku 0791', '2005', 9, 1),
(799, 'Judul Buku 0792', '2007', 11, 13),
(800, 'Judul Buku 0793', '2025', 7, 11),
(801, 'Judul Buku 0794', '2008', 12, 6),
(802, 'Judul Buku 0795', '2025', 8, 9),
(803, 'Judul Buku 0796', '2023', 12, 14),
(804, 'Judul Buku 0797', '2010', 10, 14),
(805, 'Judul Buku 0798', '2015', 1, 5),
(806, 'Judul Buku 0799', '2014', 3, 2),
(807, 'Judul Buku 0800', '2015', 4, 11),
(808, 'Judul Buku 0801', '2017', 5, 12),
(809, 'Judul Buku 0802', '2022', 8, 15),
(810, 'Judul Buku 0803', '2005', 2, 7),
(811, 'Judul Buku 0804', '2006', 12, 6),
(812, 'Judul Buku 0805', '2019', 6, 14),
(813, 'Judul Buku 0806', '2017', 11, 14),
(814, 'Judul Buku 0807', '2015', 10, 2),
(815, 'Judul Buku 0808', '2015', 1, 6),
(816, 'Judul Buku 0809', '2019', 2, 13),
(817, 'Judul Buku 0810', '2017', 6, 2),
(818, 'Judul Buku 0811', '2015', 7, 7),
(819, 'Judul Buku 0812', '2012', 7, 7),
(820, 'Judul Buku 0813', '2008', 4, 8),
(821, 'Judul Buku 0814', '2018', 2, 11),
(822, 'Judul Buku 0815', '2008', 3, 13),
(823, 'Judul Buku 0816', '2019', 4, 5),
(824, 'Judul Buku 0817', '2025', 5, 1),
(825, 'Judul Buku 0818', '2010', 1, 3),
(826, 'Judul Buku 0819', '2004', 2, 6),
(827, 'Judul Buku 0820', '2017', 4, 7),
(828, 'Judul Buku 0821', '2004', 6, 5),
(829, 'Judul Buku 0822', '2000', 7, 4),
(830, 'Judul Buku 0823', '2023', 6, 11),
(831, 'Judul Buku 0824', '2012', 11, 1),
(832, 'Judul Buku 0825', '2017', 9, 2),
(833, 'Judul Buku 0826', '2013', 4, 5),
(834, 'Judul Buku 0827', '2014', 12, 11),
(835, 'Judul Buku 0828', '2004', 7, 12),
(836, 'Judul Buku 0829', '2006', 1, 7),
(837, 'Judul Buku 0830', '2008', 12, 13),
(838, 'Judul Buku 0831', '2004', 2, 5),
(839, 'Judul Buku 0832', '2025', 11, 11),
(840, 'Judul Buku 0833', '2018', 8, 8),
(841, 'Judul Buku 0834', '2013', 7, 12),
(842, 'Judul Buku 0835', '2005', 7, 12),
(843, 'Judul Buku 0836', '2003', 4, 10),
(844, 'Judul Buku 0837', '2019', 2, 2),
(845, 'Judul Buku 0838', '2014', 6, 13),
(846, 'Judul Buku 0839', '2024', 12, 1),
(847, 'Judul Buku 0840', '2005', 9, 1),
(848, 'Judul Buku 0841', '2000', 5, 10),
(849, 'Judul Buku 0842', '2012', 3, 1),
(850, 'Judul Buku 0843', '2003', 4, 2),
(851, 'Judul Buku 0844', '2015', 2, 11),
(852, 'Judul Buku 0845', '2000', 7, 9),
(853, 'Judul Buku 0846', '2006', 10, 11),
(854, 'Judul Buku 0847', '2000', 11, 11),
(855, 'Judul Buku 0848', '2022', 8, 3),
(856, 'Judul Buku 0849', '2004', 11, 13),
(857, 'Judul Buku 0850', '2012', 11, 4),
(858, 'Judul Buku 0851', '2009', 10, 14),
(859, 'Judul Buku 0852', '2000', 11, 6),
(860, 'Judul Buku 0853', '2003', 9, 4),
(861, 'Judul Buku 0854', '2015', 10, 6),
(862, 'Judul Buku 0855', '2006', 9, 15),
(863, 'Judul Buku 0856', '2015', 8, 2),
(864, 'Judul Buku 0857', '2023', 10, 9),
(865, 'Judul Buku 0858', '2024', 4, 3),
(866, 'Judul Buku 0859', '2018', 3, 3),
(867, 'Judul Buku 0860', '2003', 11, 10),
(868, 'Judul Buku 0861', '2007', 4, 10),
(869, 'Judul Buku 0862', '2002', 6, 8),
(870, 'Judul Buku 0863', '2021', 4, 3),
(871, 'Judul Buku 0864', '2017', 6, 11),
(872, 'Judul Buku 0865', '2017', 1, 13),
(873, 'Judul Buku 0866', '2009', 7, 3),
(874, 'Judul Buku 0867', '2019', 11, 10),
(875, 'Judul Buku 0868', '2001', 2, 1),
(876, 'Judul Buku 0869', '2007', 3, 4),
(877, 'Judul Buku 0870', '2020', 5, 9),
(878, 'Judul Buku 0871', '2012', 6, 5),
(879, 'Judul Buku 0872', '2019', 12, 12),
(880, 'Judul Buku 0873', '2012', 1, 10),
(881, 'Judul Buku 0874', '2023', 3, 3),
(882, 'Judul Buku 0875', '2009', 2, 3),
(883, 'Judul Buku 0876', '2015', 3, 6),
(884, 'Judul Buku 0877', '2016', 9, 14),
(885, 'Judul Buku 0878', '2025', 6, 6),
(886, 'Judul Buku 0879', '2013', 10, 4),
(887, 'Judul Buku 0880', '2017', 9, 7),
(888, 'Judul Buku 0881', '2006', 9, 4),
(889, 'Judul Buku 0882', '2000', 6, 6),
(890, 'Judul Buku 0883', '2021', 7, 7),
(891, 'Judul Buku 0884', '2020', 10, 14),
(892, 'Judul Buku 0885', '2000', 7, 1),
(893, 'Judul Buku 0886', '2012', 4, 6),
(894, 'Judul Buku 0887', '2005', 4, 12),
(895, 'Judul Buku 0888', '2000', 7, 12),
(896, 'Judul Buku 0889', '2005', 11, 14),
(897, 'Judul Buku 0890', '2007', 11, 8),
(898, 'Judul Buku 0891', '2001', 11, 9),
(899, 'Judul Buku 0892', '2009', 5, 4),
(900, 'Judul Buku 0893', '2018', 4, 2),
(901, 'Judul Buku 0894', '2020', 7, 4),
(902, 'Judul Buku 0895', '2010', 7, 3),
(903, 'Judul Buku 0896', '2021', 2, 10),
(904, 'Judul Buku 0897', '2017', 2, 9),
(905, 'Judul Buku 0898', '2021', 5, 14),
(906, 'Judul Buku 0899', '2021', 9, 10),
(907, 'Judul Buku 0900', '2021', 2, 15),
(908, 'Judul Buku 0901', '2006', 7, 3),
(909, 'Judul Buku 0902', '2010', 6, 12),
(910, 'Judul Buku 0903', '2017', 3, 3),
(911, 'Judul Buku 0904', '2024', 2, 13),
(912, 'Judul Buku 0905', '2003', 4, 3),
(913, 'Judul Buku 0906', '2014', 9, 2),
(914, 'Judul Buku 0907', '2016', 9, 10),
(915, 'Judul Buku 0908', '2007', 1, 7),
(916, 'Judul Buku 0909', '2001', 7, 8),
(917, 'Judul Buku 0910', '2025', 9, 12),
(918, 'Judul Buku 0911', '2001', 5, 9),
(919, 'Judul Buku 0912', '2014', 6, 13),
(920, 'Judul Buku 0913', '2019', 4, 3),
(921, 'Judul Buku 0914', '2021', 1, 9),
(922, 'Judul Buku 0915', '2024', 10, 8),
(923, 'Judul Buku 0916', '2001', 3, 1),
(924, 'Judul Buku 0917', '2002', 2, 1),
(925, 'Judul Buku 0918', '2016', 7, 8),
(926, 'Judul Buku 0919', '2005', 8, 15),
(927, 'Judul Buku 0920', '2011', 3, 15),
(928, 'Judul Buku 0921', '2017', 12, 4),
(929, 'Judul Buku 0922', '2019', 8, 6),
(930, 'Judul Buku 0923', '2008', 11, 1),
(931, 'Judul Buku 0924', '2015', 4, 4),
(932, 'Judul Buku 0925', '2012', 1, 4),
(933, 'Judul Buku 0926', '2013', 6, 8),
(934, 'Judul Buku 0927', '2006', 9, 5),
(935, 'Judul Buku 0928', '2008', 9, 1),
(936, 'Judul Buku 0929', '2013', 6, 7),
(937, 'Judul Buku 0930', '2000', 10, 3),
(938, 'Judul Buku 0931', '2019', 1, 11),
(939, 'Judul Buku 0932', '2010', 7, 8),
(940, 'Judul Buku 0933', '2003', 6, 2),
(941, 'Judul Buku 0934', '2020', 9, 14),
(942, 'Judul Buku 0935', '2006', 5, 6),
(943, 'Judul Buku 0936', '2016', 1, 10),
(944, 'Judul Buku 0937', '2017', 12, 14),
(945, 'Judul Buku 0938', '2022', 4, 5),
(946, 'Judul Buku 0939', '2023', 12, 11),
(947, 'Judul Buku 0940', '2022', 3, 5),
(948, 'Judul Buku 0941', '2012', 6, 13),
(949, 'Judul Buku 0942', '2009', 3, 9),
(950, 'Judul Buku 0943', '2010', 9, 11),
(951, 'Judul Buku 0944', '2005', 9, 15),
(952, 'Judul Buku 0945', '2007', 8, 9),
(953, 'Judul Buku 0946', '2009', 10, 10),
(954, 'Judul Buku 0947', '2024', 3, 15),
(955, 'Judul Buku 0948', '2011', 4, 15),
(956, 'Judul Buku 0949', '2004', 6, 13),
(957, 'Judul Buku 0950', '2011', 11, 11),
(958, 'Judul Buku 0951', '2008', 10, 9),
(959, 'Judul Buku 0952', '2009', 2, 3),
(960, 'Judul Buku 0953', '2013', 10, 5),
(961, 'Judul Buku 0954', '2021', 9, 14),
(962, 'Judul Buku 0955', '2023', 9, 10),
(963, 'Judul Buku 0956', '2000', 4, 6),
(964, 'Judul Buku 0957', '2001', 12, 8),
(965, 'Judul Buku 0958', '2009', 8, 7),
(966, 'Judul Buku 0959', '2022', 7, 13),
(967, 'Judul Buku 0960', '2002', 7, 3),
(968, 'Judul Buku 0961', '2018', 8, 3),
(969, 'Judul Buku 0962', '2006', 10, 6),
(970, 'Judul Buku 0963', '2009', 7, 4),
(971, 'Judul Buku 0964', '2001', 5, 8),
(972, 'Judul Buku 0965', '2004', 6, 15),
(973, 'Judul Buku 0966', '2022', 1, 5),
(974, 'Judul Buku 0967', '2022', 6, 15),
(975, 'Judul Buku 0968', '2005', 12, 2),
(976, 'Judul Buku 0969', '2020', 4, 1),
(977, 'Judul Buku 0970', '2009', 2, 4),
(978, 'Judul Buku 0971', '2012', 9, 4),
(979, 'Judul Buku 0972', '2005', 11, 10),
(980, 'Judul Buku 0973', '2021', 10, 2),
(981, 'Judul Buku 0974', '2024', 7, 10),
(982, 'Judul Buku 0975', '2004', 6, 6),
(983, 'Judul Buku 0976', '2023', 1, 3),
(984, 'Judul Buku 0977', '2022', 7, 14),
(985, 'Judul Buku 0978', '2000', 12, 4),
(986, 'Judul Buku 0979', '2025', 8, 8),
(987, 'Judul Buku 0980', '2023', 2, 13),
(988, 'Judul Buku 0981', '2010', 9, 14),
(989, 'Judul Buku 0982', '2007', 6, 15),
(990, 'Judul Buku 0983', '2001', 3, 3),
(991, 'Judul Buku 0984', '2011', 4, 1),
(992, 'Judul Buku 0985', '2000', 3, 7),
(993, 'Judul Buku 0986', '2018', 9, 11),
(994, 'Judul Buku 0987', '2010', 1, 2),
(995, 'Judul Buku 0988', '2007', 10, 14),
(996, 'Judul Buku 0989', '2020', 2, 3),
(997, 'Judul Buku 0990', '2016', 9, 9),
(998, 'Judul Buku 0991', '2024', 5, 2),
(999, 'Judul Buku 0992', '2007', 10, 13),
(1000, 'Judul Buku 0993', '2001', 9, 10),
(1001, 'Judul Buku 0994', '2008', 6, 9),
(1002, 'Judul Buku 0995', '2004', 5, 1),
(1003, 'Judul Buku 0996', '2021', 12, 8),
(1004, 'Judul Buku 0997', '2021', 3, 12),
(1005, 'Judul Buku 0998', '2013', 12, 6),
(1006, 'Judul Buku 0999', '2002', 11, 11),
(1007, 'Judul Buku 1000', '2004', 5, 5);

-- --------------------------------------------------------

--
-- Table structure for table `tb_buku_genre`
--

CREATE TABLE `tb_buku_genre` (
  `id_buku` int(11) NOT NULL,
  `id_genre` int(11) NOT NULL
) ENGINE=InnoDB DEFAULT CHARSET=utf8mb4 COLLATE=utf8mb4_general_ci;

--
-- Dumping data for table `tb_buku_genre`
--

INSERT INTO `tb_buku_genre` (`id_buku`, `id_genre`) VALUES
(1, 1),
(1, 4),
(1, 5),
(1, 9),
(2, 1),
(2, 5),
(2, 9),
(3, 2),
(3, 5),
(4, 1),
(5, 5),
(6, 1),
(6, 2),
(6, 4),
(7, 1),
(7, 3),
(7, 5),
(7, 9),
(8, 2),
(8, 3),
(8, 4),
(9, 1),
(9, 2),
(9, 5),
(10, 3),
(10, 4),
(11, 2),
(11, 3),
(11, 4),
(12, 1),
(12, 5),
(13, 4),
(14, 2),
(15, 1),
(15, 4),
(16, 1),
(16, 3),
(17, 1),
(17, 5),
(18, 1),
(18, 2),
(19, 1),
(19, 3),
(19, 5),
(20, 1),
(20, 4),
(20, 5),
(21, 1),
(21, 3),
(21, 4),
(22, 1),
(22, 3),
(22, 4),
(23, 1),
(23, 4),
(23, 5),
(24, 2),
(25, 1),
(26, 2),
(26, 5),
(27, 2),
(28, 1),
(28, 3),
(28, 5),
(29, 1),
(29, 3),
(29, 4),
(30, 1),
(31, 5),
(32, 5),
(33, 1),
(33, 2),
(33, 4),
(34, 1),
(34, 3),
(35, 1),
(35, 2),
(36, 2),
(36, 4),
(36, 5),
(37, 3),
(38, 5),
(39, 3),
(40, 1),
(40, 5),
(41, 2),
(41, 3),
(41, 4),
(42, 1),
(42, 4),
(42, 5),
(43, 2),
(43, 3),
(43, 4),
(44, 1),
(44, 2),
(44, 4),
(45, 2),
(46, 2),
(46, 3),
(46, 5),
(47, 5),
(48, 5),
(49, 2),
(49, 3),
(49, 4),
(50, 2),
(50, 3),
(50, 5),
(51, 1),
(51, 2),
(51, 3),
(52, 3),
(52, 4),
(52, 5),
(53, 2),
(53, 5),
(54, 3),
(54, 5),
(55, 5),
(56, 1),
(57, 2),
(57, 3),
(57, 4),
(58, 4),
(59, 1),
(59, 3),
(59, 5),
(60, 3),
(61, 5),
(62, 5),
(63, 2),
(64, 1),
(64, 3),
(64, 5),
(65, 1),
(65, 2),
(65, 4),
(66, 2),
(66, 4),
(66, 5),
(67, 2),
(67, 4),
(68, 3),
(69, 1),
(69, 2),
(69, 3),
(70, 3),
(70, 4),
(70, 5),
(71, 1),
(71, 2),
(71, 4),
(72, 1),
(72, 5),
(73, 2),
(73, 3),
(73, 4),
(74, 2),
(74, 5),
(75, 1),
(75, 4),
(75, 5),
(76, 3),
(77, 1),
(77, 5),
(78, 2),
(78, 4),
(79, 3),
(79, 5),
(80, 2),
(81, 4),
(82, 2),
(82, 4),
(83, 1),
(84, 3),
(84, 5),
(85, 1),
(85, 2),
(85, 3),
(86, 1),
(86, 4),
(87, 1),
(87, 3),
(87, 4),
(88, 1),
(88, 3),
(89, 2),
(90, 3),
(90, 5),
(91, 1),
(91, 5),
(92, 3),
(93, 2),
(94, 1),
(94, 3),
(94, 4),
(95, 1),
(95, 3),
(96, 2),
(97, 5),
(98, 1),
(98, 2),
(98, 5),
(99, 2),
(99, 4),
(100, 1),
(100, 3),
(101, 1),
(101, 2),
(101, 5),
(102, 3),
(102, 5),
(103, 3),
(104, 4),
(105, 1),
(105, 4),
(105, 5),
(106, 1),
(106, 5),
(107, 1),
(107, 3),
(107, 4),
(108, 4),
(109, 2),
(109, 3),
(109, 4),
(110, 1),
(110, 5),
(111, 2),
(111, 3),
(111, 5),
(112, 3),
(112, 5),
(113, 1),
(113, 2),
(113, 4),
(114, 2),
(114, 3),
(114, 4),
(115, 1),
(115, 2),
(116, 2),
(116, 5),
(117, 1),
(117, 4),
(118, 3),
(119, 1),
(119, 2),
(120, 5),
(121, 2),
(122, 1),
(122, 2),
(122, 5),
(123, 1),
(123, 5),
(124, 2),
(124, 3),
(124, 5),
(125, 2),
(125, 5),
(126, 3),
(126, 5),
(127, 1),
(127, 3),
(127, 4),
(128, 1),
(128, 2),
(128, 5),
(129, 2),
(130, 2),
(131, 2),
(131, 5),
(132, 1),
(132, 4),
(133, 2),
(133, 3),
(133, 4),
(134, 1),
(134, 2),
(134, 5),
(135, 1),
(135, 3),
(135, 4),
(136, 5),
(137, 1),
(137, 2),
(137, 3),
(138, 5),
(139, 2),
(139, 4),
(139, 5),
(140, 1),
(140, 2),
(140, 5),
(141, 2),
(142, 2),
(143, 2),
(143, 4),
(144, 3),
(144, 4),
(145, 1),
(145, 4),
(145, 5),
(146, 3),
(147, 3),
(147, 5),
(148, 1),
(148, 2),
(149, 3),
(150, 2),
(150, 3),
(151, 1),
(151, 2),
(151, 4),
(152, 1),
(152, 3),
(152, 5),
(153, 1),
(154, 1),
(154, 3),
(154, 5),
(155, 1),
(155, 3),
(155, 4),
(156, 1),
(156, 4),
(156, 5),
(157, 2),
(157, 4),
(158, 3),
(158, 4),
(159, 2),
(159, 4),
(160, 3),
(160, 4),
(160, 5),
(161, 3),
(161, 4),
(162, 2),
(162, 3),
(162, 5),
(163, 1),
(163, 4),
(163, 5),
(164, 1),
(164, 3),
(164, 4),
(165, 1),
(165, 2),
(165, 3),
(166, 1),
(167, 1),
(167, 3),
(167, 5),
(168, 5),
(169, 1),
(170, 2),
(171, 5),
(172, 5),
(173, 1),
(173, 3),
(173, 5),
(174, 1),
(174, 2),
(174, 3),
(175, 1),
(175, 2),
(176, 1),
(176, 3),
(176, 4),
(177, 1),
(177, 2),
(177, 4),
(178, 3),
(178, 5),
(179, 4),
(180, 1),
(180, 3),
(181, 1),
(181, 2),
(181, 5),
(182, 1),
(182, 3),
(182, 5),
(183, 1),
(183, 2),
(183, 4),
(184, 3),
(184, 4),
(184, 5),
(185, 5),
(186, 2),
(186, 5),
(187, 2),
(187, 5),
(188, 1),
(188, 3),
(189, 3),
(189, 4),
(189, 5),
(190, 4),
(190, 5),
(191, 1),
(191, 3),
(191, 4),
(192, 1),
(192, 2),
(192, 4),
(193, 1),
(193, 2),
(193, 4),
(194, 2),
(194, 5),
(195, 1),
(195, 2),
(195, 4),
(196, 5),
(197, 2),
(197, 4),
(197, 5),
(198, 3),
(199, 4),
(200, 2),
(201, 1),
(201, 4),
(202, 4),
(203, 1),
(203, 3),
(203, 4),
(204, 2),
(205, 2),
(206, 1),
(206, 2),
(206, 3),
(207, 4),
(208, 2),
(208, 3),
(209, 1),
(209, 4),
(210, 1),
(210, 3),
(211, 1),
(212, 1),
(212, 2),
(212, 5),
(213, 1),
(213, 4),
(214, 5),
(215, 1),
(215, 3),
(215, 5),
(216, 2),
(216, 5),
(217, 5),
(218, 2),
(219, 1),
(219, 3),
(220, 2),
(220, 3),
(220, 4),
(221, 2),
(222, 4),
(223, 2),
(223, 3),
(223, 5),
(224, 2),
(224, 5),
(225, 1),
(225, 3),
(226, 1),
(226, 2),
(226, 3),
(227, 2),
(227, 5),
(228, 1),
(228, 2),
(228, 3),
(229, 2),
(229, 3),
(230, 1),
(231, 2),
(231, 3),
(231, 5),
(232, 1),
(232, 4),
(233, 5),
(234, 1),
(234, 2),
(234, 5),
(235, 2),
(235, 3),
(236, 1),
(236, 5),
(237, 1),
(237, 2),
(237, 3),
(238, 4),
(238, 5),
(239, 1),
(240, 1),
(240, 2),
(240, 4),
(241, 2),
(242, 1),
(242, 3),
(242, 5),
(243, 1),
(243, 2),
(244, 2),
(244, 3),
(244, 5),
(245, 1),
(245, 2),
(246, 2),
(247, 3),
(247, 4),
(247, 5),
(248, 2),
(248, 5),
(249, 4),
(250, 2),
(250, 3),
(251, 1),
(251, 4),
(251, 5),
(252, 3),
(252, 4),
(252, 5),
(253, 4),
(254, 1),
(254, 4),
(255, 1),
(255, 3),
(255, 4),
(256, 1),
(256, 2),
(257, 1),
(258, 2),
(258, 3),
(259, 2),
(259, 4),
(260, 1),
(260, 4),
(260, 5),
(261, 1),
(261, 5),
(262, 1),
(262, 3),
(263, 1),
(264, 3),
(265, 1),
(265, 2),
(265, 5),
(266, 2),
(267, 1),
(267, 4),
(268, 1),
(268, 2),
(268, 3),
(269, 3),
(269, 4),
(269, 5),
(270, 3),
(270, 4),
(271, 2),
(271, 3),
(271, 4),
(272, 1),
(272, 3),
(273, 2),
(273, 5),
(274, 2),
(275, 1),
(276, 1),
(276, 4),
(277, 1),
(277, 4),
(278, 1),
(278, 2),
(278, 3),
(279, 1),
(279, 4),
(279, 5),
(280, 2),
(280, 4),
(281, 4),
(282, 1),
(282, 2),
(283, 2),
(283, 3),
(284, 5),
(285, 2),
(286, 2),
(286, 4),
(286, 5),
(287, 3),
(288, 2),
(288, 3),
(289, 2),
(289, 3),
(290, 3),
(290, 4),
(291, 3),
(292, 2),
(292, 3),
(292, 4),
(293, 1),
(293, 5),
(294, 3),
(294, 4),
(294, 5),
(295, 1),
(296, 3),
(297, 5),
(298, 3),
(298, 4),
(299, 2),
(299, 3),
(299, 5),
(300, 2),
(300, 4),
(300, 5),
(301, 1),
(302, 4),
(303, 1),
(303, 4),
(303, 5),
(304, 4),
(304, 5),
(305, 3),
(305, 5),
(306, 5),
(307, 2),
(308, 2),
(308, 4),
(308, 5),
(309, 1),
(310, 1),
(310, 2),
(310, 4),
(311, 2),
(311, 3),
(312, 2),
(312, 5),
(313, 3),
(313, 4),
(313, 5),
(314, 2),
(314, 3),
(314, 5),
(315, 5),
(316, 1),
(316, 2),
(317, 4),
(317, 5),
(318, 2),
(319, 1),
(320, 1),
(320, 2),
(320, 5),
(321, 1),
(321, 2),
(321, 5),
(322, 1),
(323, 1),
(323, 2),
(323, 5),
(324, 2),
(324, 3),
(324, 4),
(325, 2),
(325, 4),
(325, 5),
(326, 1),
(326, 2),
(326, 3),
(327, 2),
(328, 4),
(329, 1),
(329, 3),
(330, 1),
(331, 1),
(331, 3),
(331, 4),
(332, 2),
(332, 3),
(333, 1),
(333, 4),
(334, 2),
(335, 1),
(335, 3),
(335, 4),
(336, 3),
(337, 2),
(338, 5),
(339, 1),
(340, 1),
(340, 2),
(341, 4),
(342, 1),
(342, 3),
(343, 4),
(344, 2),
(345, 1),
(345, 2),
(346, 1),
(346, 4),
(346, 5),
(347, 2),
(348, 1),
(348, 4),
(348, 5),
(349, 1),
(349, 3),
(349, 4),
(350, 1),
(351, 2),
(352, 4),
(353, 1),
(353, 4),
(354, 3),
(355, 2),
(356, 2),
(356, 3),
(356, 5),
(357, 2),
(358, 3),
(359, 1),
(359, 2),
(359, 5),
(360, 1),
(361, 4),
(361, 5),
(362, 1),
(362, 2),
(362, 5),
(363, 1),
(363, 3),
(364, 2),
(364, 3),
(364, 5),
(365, 1),
(366, 5),
(367, 2),
(368, 5),
(369, 1),
(369, 3),
(369, 4),
(370, 1),
(370, 3),
(370, 4),
(371, 2),
(371, 3),
(371, 5),
(372, 1),
(372, 2),
(373, 3),
(373, 5),
(374, 1),
(374, 2),
(374, 3),
(375, 1),
(376, 2),
(377, 1),
(377, 4),
(378, 1),
(378, 3),
(378, 4),
(379, 1),
(379, 4),
(380, 3),
(381, 3),
(382, 2),
(383, 1),
(384, 2),
(384, 4),
(384, 5),
(385, 1),
(386, 1),
(386, 3),
(386, 5),
(387, 1),
(387, 4),
(388, 5),
(389, 2),
(390, 3),
(391, 3),
(392, 2),
(392, 5),
(393, 3),
(393, 4),
(393, 5),
(394, 2),
(395, 2),
(395, 4),
(395, 5),
(396, 1),
(396, 2),
(397, 2),
(397, 4),
(398, 1),
(398, 5),
(399, 1),
(399, 2),
(399, 3),
(400, 1),
(400, 4),
(400, 5),
(401, 3),
(401, 4),
(402, 1),
(402, 5),
(403, 2),
(403, 3),
(403, 4),
(404, 5),
(405, 3),
(405, 5),
(406, 1),
(406, 2),
(406, 5),
(407, 2),
(408, 2),
(408, 5),
(409, 2),
(410, 1),
(410, 2),
(410, 5),
(411, 1),
(412, 3),
(413, 1),
(413, 2),
(413, 5),
(414, 2),
(414, 4),
(414, 5),
(415, 3),
(415, 4),
(415, 5),
(416, 4),
(417, 1),
(417, 5),
(418, 4),
(418, 5),
(419, 2),
(419, 3),
(419, 4),
(420, 1),
(420, 3),
(421, 3),
(421, 4),
(422, 2),
(422, 3),
(422, 4),
(423, 1),
(423, 2),
(423, 5),
(424, 2),
(424, 4),
(424, 5),
(425, 1),
(425, 5),
(426, 1),
(426, 3),
(426, 5),
(427, 3),
(427, 4),
(427, 5),
(428, 3),
(428, 5),
(429, 1),
(429, 3),
(430, 1),
(430, 2),
(430, 3),
(431, 2),
(431, 3),
(432, 1),
(432, 3),
(432, 4),
(433, 4),
(434, 4),
(434, 5),
(435, 2),
(435, 5),
(436, 1),
(437, 1),
(437, 5),
(438, 2),
(438, 4),
(439, 3),
(439, 4),
(440, 1),
(440, 2),
(440, 3),
(441, 4),
(442, 2),
(442, 3),
(442, 5),
(443, 2),
(444, 1),
(444, 4),
(445, 2),
(445, 3),
(445, 5),
(446, 3),
(447, 4),
(447, 5),
(448, 1),
(448, 2),
(448, 4),
(449, 5),
(450, 4),
(451, 3),
(452, 5),
(453, 3),
(454, 2),
(454, 5),
(455, 1),
(455, 4),
(456, 4),
(456, 5),
(457, 4),
(458, 3),
(459, 5),
(460, 1),
(460, 2),
(461, 1),
(462, 2),
(462, 3),
(462, 4),
(463, 3),
(464, 1),
(464, 2),
(464, 5),
(465, 1),
(465, 4),
(465, 5),
(466, 3),
(467, 2),
(468, 2),
(468, 4),
(468, 5),
(469, 1),
(469, 4),
(469, 5),
(470, 3),
(470, 4),
(471, 2),
(472, 3),
(473, 2),
(473, 3),
(474, 1),
(474, 3),
(474, 4),
(475, 5),
(476, 3),
(477, 1),
(477, 4),
(478, 1),
(478, 2),
(479, 4),
(480, 5),
(481, 1),
(481, 4),
(481, 5),
(482, 3),
(482, 5),
(483, 2),
(483, 3),
(483, 4),
(484, 2),
(484, 3),
(484, 4),
(485, 2),
(485, 3),
(485, 4),
(486, 1),
(486, 2),
(487, 3),
(487, 4),
(488, 1),
(488, 4),
(489, 2),
(490, 1),
(490, 2),
(490, 5),
(491, 3),
(491, 4),
(491, 5),
(492, 2),
(493, 1),
(493, 3),
(494, 3),
(494, 4),
(495, 1),
(495, 2),
(495, 4),
(496, 4),
(496, 5),
(497, 4),
(498, 1),
(498, 3),
(498, 5),
(499, 2),
(499, 3),
(499, 5),
(500, 5),
(501, 3),
(501, 4),
(501, 5),
(502, 1),
(502, 2),
(502, 5),
(503, 2),
(503, 3),
(503, 4),
(504, 2),
(504, 4),
(504, 5),
(505, 1),
(505, 2),
(505, 4),
(506, 1),
(506, 3),
(507, 1),
(507, 2),
(508, 2),
(509, 3),
(509, 5),
(510, 1),
(510, 3),
(510, 5),
(511, 1),
(511, 3),
(511, 4),
(512, 1),
(513, 3),
(513, 5),
(514, 2),
(515, 2),
(515, 4),
(515, 5),
(516, 1),
(516, 5),
(517, 3),
(517, 4),
(518, 2),
(518, 5),
(519, 3),
(519, 4),
(520, 1),
(521, 2),
(521, 4),
(522, 1),
(522, 4),
(522, 5),
(523, 1),
(523, 2),
(523, 3),
(524, 2),
(524, 3),
(524, 5),
(525, 1),
(525, 4),
(526, 1),
(526, 4),
(526, 5),
(527, 1),
(528, 2),
(529, 2),
(530, 4),
(531, 1),
(531, 3),
(531, 4),
(532, 2),
(532, 4),
(532, 5),
(533, 2),
(533, 4),
(533, 5),
(534, 3),
(535, 3),
(536, 2),
(537, 1),
(538, 2),
(539, 4),
(539, 5),
(540, 2),
(541, 1),
(541, 2),
(541, 4),
(542, 3),
(542, 4),
(542, 5),
(543, 1),
(543, 5),
(544, 3),
(545, 5),
(546, 2),
(546, 3),
(546, 4),
(547, 1),
(547, 2),
(547, 4),
(548, 2),
(548, 3),
(549, 4),
(550, 5),
(551, 5),
(552, 2),
(552, 4),
(553, 2),
(553, 3),
(554, 1),
(554, 3),
(555, 2),
(555, 5),
(556, 5),
(557, 1),
(557, 4),
(557, 5),
(558, 3),
(559, 3),
(559, 4),
(560, 4),
(560, 5),
(561, 2),
(562, 1),
(562, 2),
(562, 4),
(563, 1),
(563, 2),
(563, 4),
(564, 1),
(564, 4),
(565, 1),
(565, 2),
(566, 1),
(566, 4),
(567, 3),
(567, 5),
(568, 4),
(568, 5),
(569, 2),
(569, 4),
(569, 5),
(570, 3),
(570, 5),
(571, 1),
(572, 2),
(573, 3),
(574, 4),
(574, 5),
(575, 1),
(575, 3),
(576, 2),
(576, 5),
(577, 2),
(577, 3),
(577, 5),
(578, 1),
(578, 4),
(579, 1),
(579, 5),
(580, 2),
(580, 4),
(580, 5),
(581, 1),
(581, 4),
(582, 1),
(582, 4),
(582, 5),
(583, 1),
(583, 3),
(583, 5),
(584, 1),
(584, 2),
(585, 1),
(585, 5),
(586, 1),
(586, 2),
(586, 4),
(587, 3),
(588, 1),
(588, 5),
(589, 1),
(589, 2),
(589, 3),
(590, 1),
(590, 2),
(590, 3),
(591, 3),
(591, 4),
(591, 5),
(592, 4),
(592, 5),
(593, 2),
(594, 5),
(595, 3),
(596, 1),
(596, 2),
(596, 3),
(597, 4),
(597, 5),
(598, 1),
(598, 3),
(598, 5),
(599, 1),
(599, 2),
(599, 3),
(600, 1),
(600, 4),
(601, 2),
(601, 4),
(601, 5),
(602, 5),
(603, 1),
(603, 2),
(603, 4),
(604, 3),
(604, 4),
(605, 4),
(606, 3),
(607, 4),
(608, 1),
(608, 2),
(608, 3),
(609, 2),
(609, 3),
(609, 5),
(610, 1),
(610, 2),
(610, 5),
(611, 3),
(611, 4),
(611, 5),
(612, 2),
(613, 2),
(613, 5),
(614, 4),
(615, 2),
(616, 1),
(616, 2),
(616, 3),
(617, 1),
(617, 2),
(618, 1),
(618, 4),
(618, 5),
(619, 1),
(619, 5),
(620, 1),
(620, 2),
(620, 5),
(621, 1),
(621, 2),
(621, 3),
(622, 1),
(622, 4),
(623, 1),
(623, 4),
(624, 2),
(624, 4),
(625, 1),
(626, 3),
(626, 5),
(627, 1),
(627, 3),
(628, 4),
(629, 1),
(629, 2),
(629, 4),
(630, 2),
(630, 3),
(630, 4),
(631, 1),
(631, 2),
(632, 2),
(632, 3),
(633, 3),
(634, 4),
(634, 5),
(635, 3),
(636, 1),
(636, 3),
(637, 1),
(637, 5),
(638, 1),
(638, 3),
(638, 5),
(639, 1),
(639, 2),
(640, 3),
(640, 5),
(641, 1),
(641, 5),
(642, 2),
(642, 4),
(643, 5),
(644, 2),
(644, 4),
(644, 5),
(645, 3),
(646, 5),
(647, 3),
(647, 4),
(647, 5),
(648, 1),
(649, 1),
(649, 3),
(650, 4),
(651, 1),
(651, 3),
(652, 1),
(653, 3),
(653, 4),
(653, 5),
(654, 3),
(654, 4),
(655, 3),
(656, 4),
(657, 2),
(658, 1),
(658, 3),
(659, 1),
(659, 2),
(659, 5),
(660, 1),
(661, 4),
(662, 1),
(662, 3),
(662, 5),
(663, 5),
(664, 2),
(664, 3),
(665, 2),
(666, 2),
(666, 3),
(666, 4),
(667, 2),
(667, 3),
(667, 4),
(668, 2),
(668, 3),
(668, 4),
(669, 1),
(669, 4),
(670, 4),
(671, 2),
(671, 3),
(672, 3),
(672, 4),
(672, 5),
(673, 2),
(674, 2),
(675, 1),
(675, 2),
(675, 3),
(676, 1),
(676, 4),
(677, 1),
(677, 2),
(677, 3),
(678, 1),
(678, 2),
(678, 4),
(679, 2),
(680, 1),
(680, 3),
(681, 1),
(681, 2),
(682, 2),
(682, 4),
(683, 2),
(684, 1),
(684, 4),
(684, 5),
(685, 2),
(686, 3),
(686, 5),
(687, 1),
(688, 1),
(688, 3),
(689, 1),
(689, 5),
(690, 1),
(690, 4),
(691, 1),
(691, 3),
(691, 4),
(692, 1),
(692, 2),
(692, 4),
(693, 3),
(694, 1),
(694, 2),
(695, 1),
(696, 2),
(696, 3),
(696, 5),
(697, 1),
(697, 2),
(697, 3),
(698, 4),
(699, 5),
(700, 2),
(700, 3),
(700, 4),
(701, 3),
(702, 1),
(702, 2),
(702, 4),
(703, 1),
(703, 4),
(704, 1),
(704, 3),
(704, 5),
(705, 2),
(706, 3),
(706, 5),
(707, 3),
(707, 4),
(708, 2),
(708, 3),
(708, 4),
(709, 2),
(710, 1),
(711, 2),
(712, 2),
(712, 5),
(713, 1),
(713, 2),
(714, 2),
(714, 3),
(714, 4),
(715, 1),
(715, 2),
(715, 3),
(716, 1),
(716, 3),
(717, 4),
(717, 5),
(718, 3),
(718, 5),
(719, 2),
(719, 3),
(719, 5),
(720, 1),
(720, 2),
(720, 5),
(721, 1),
(721, 4),
(722, 1),
(722, 3),
(722, 4),
(723, 3),
(724, 4),
(725, 5),
(726, 1),
(726, 5),
(727, 3),
(728, 2),
(728, 4),
(729, 2),
(729, 3),
(729, 5),
(730, 4),
(731, 2),
(732, 2),
(733, 4),
(734, 5),
(735, 3),
(735, 5),
(736, 2),
(736, 3),
(736, 4),
(737, 1),
(737, 2),
(737, 4),
(738, 1),
(738, 5),
(739, 2),
(739, 4),
(740, 1),
(740, 5),
(741, 5),
(742, 2),
(742, 4),
(743, 2),
(743, 3),
(743, 5),
(744, 1),
(744, 5),
(745, 1),
(745, 5),
(746, 1),
(746, 3),
(746, 5),
(747, 3),
(747, 4),
(748, 1),
(748, 2),
(748, 5),
(749, 1),
(749, 2),
(749, 3),
(750, 2),
(750, 5),
(751, 2),
(752, 1),
(752, 5),
(753, 1),
(754, 1),
(754, 2),
(755, 1),
(755, 4),
(756, 1),
(756, 2),
(756, 4),
(757, 1),
(757, 3),
(757, 5),
(758, 1),
(758, 3),
(758, 4),
(759, 5),
(760, 1),
(760, 3),
(760, 4),
(761, 1),
(761, 2),
(761, 4),
(762, 1),
(762, 3),
(763, 3),
(764, 2),
(764, 4),
(764, 5),
(765, 3),
(765, 5),
(766, 3),
(767, 2),
(767, 3),
(767, 4),
(768, 5),
(769, 4),
(770, 1),
(771, 2),
(771, 5),
(772, 2),
(772, 4),
(772, 5),
(773, 3),
(773, 4),
(773, 5),
(774, 1),
(774, 5),
(775, 2),
(775, 4),
(775, 5),
(776, 1),
(776, 3),
(777, 1),
(777, 4),
(777, 5),
(778, 4),
(778, 5),
(779, 3),
(779, 4),
(780, 2),
(780, 5),
(781, 2),
(782, 3),
(782, 5),
(783, 2),
(783, 5),
(784, 1),
(784, 2),
(785, 4),
(786, 1),
(786, 2),
(786, 4),
(787, 1),
(787, 5),
(788, 5),
(789, 2),
(790, 1),
(790, 3),
(790, 5),
(791, 4),
(792, 2),
(792, 4),
(792, 5),
(793, 2),
(793, 3),
(794, 5),
(795, 1),
(796, 2),
(796, 3),
(796, 5),
(797, 4),
(797, 5),
(798, 1),
(798, 3),
(799, 1),
(800, 4),
(801, 1),
(801, 4),
(801, 5),
(802, 2),
(802, 5),
(803, 2),
(803, 4),
(803, 5),
(804, 2),
(805, 2),
(805, 3),
(805, 5),
(806, 3),
(807, 1),
(807, 3),
(807, 4),
(808, 2),
(808, 3),
(808, 5),
(809, 1),
(809, 2),
(809, 4),
(810, 3),
(810, 4),
(811, 1),
(811, 4),
(812, 3),
(812, 5),
(813, 1),
(813, 2),
(813, 5),
(814, 2),
(814, 5),
(815, 1),
(815, 2),
(815, 5),
(816, 4),
(817, 3),
(818, 5),
(819, 1),
(820, 2),
(820, 5),
(821, 1),
(821, 2),
(821, 4),
(822, 3),
(823, 1),
(823, 4),
(824, 1),
(824, 3),
(825, 1),
(825, 3),
(825, 5),
(826, 1),
(827, 1),
(827, 2),
(827, 5),
(828, 3),
(828, 4),
(829, 3),
(829, 4),
(829, 5),
(830, 4),
(831, 1),
(831, 2),
(831, 4),
(832, 1),
(832, 3),
(832, 5),
(833, 3),
(833, 4),
(833, 5),
(834, 4),
(835, 2),
(836, 1),
(836, 5),
(837, 1),
(837, 4),
(838, 2),
(838, 3),
(838, 5),
(839, 2),
(839, 5),
(840, 1),
(840, 4),
(840, 5),
(841, 3),
(842, 2),
(842, 4),
(843, 2),
(843, 3),
(843, 5),
(844, 1),
(844, 3),
(844, 4),
(845, 3),
(846, 1),
(846, 4),
(846, 5),
(847, 1),
(848, 3),
(849, 1),
(849, 2),
(849, 3),
(850, 2),
(851, 1),
(851, 3),
(851, 5),
(852, 2),
(852, 3),
(853, 1),
(853, 2),
(853, 3),
(854, 1),
(854, 3),
(854, 5),
(855, 1),
(855, 2),
(855, 4),
(856, 1),
(856, 4),
(857, 1),
(857, 4),
(857, 5),
(858, 3),
(858, 5),
(859, 4),
(859, 5),
(860, 1),
(860, 4),
(860, 5),
(861, 2),
(862, 1),
(862, 4),
(862, 5),
(863, 2),
(863, 5),
(864, 1),
(864, 4),
(864, 5),
(865, 1),
(865, 3),
(866, 1),
(866, 4),
(867, 2),
(867, 4),
(868, 3),
(868, 4),
(869, 1),
(869, 3),
(869, 5),
(870, 5),
(871, 4),
(871, 5),
(872, 2),
(873, 1),
(873, 4),
(874, 1),
(874, 4),
(875, 5),
(876, 3),
(876, 4),
(877, 2),
(878, 1),
(878, 2),
(878, 4),
(879, 2),
(879, 3),
(880, 3),
(880, 4),
(880, 5),
(881, 3),
(882, 2),
(883, 2),
(884, 1),
(884, 3),
(884, 4),
(885, 3),
(886, 3),
(886, 4),
(887, 1),
(887, 5),
(888, 1),
(888, 3),
(889, 4),
(890, 3),
(890, 5),
(891, 1),
(892, 4),
(892, 5),
(893, 1),
(893, 2),
(893, 4),
(894, 5),
(895, 2),
(895, 4),
(896, 2),
(896, 4),
(897, 1),
(897, 5),
(898, 4),
(899, 1),
(899, 3),
(899, 4),
(900, 2),
(900, 3),
(901, 3),
(901, 4),
(901, 5),
(902, 1),
(902, 5),
(903, 1),
(903, 2),
(904, 2),
(905, 3),
(906, 1),
(906, 3),
(907, 1),
(907, 4),
(908, 1),
(908, 3),
(909, 3),
(909, 5),
(910, 1),
(910, 3),
(910, 5),
(911, 1),
(911, 4),
(911, 5),
(912, 1),
(913, 1),
(913, 5),
(914, 2),
(914, 4),
(914, 5),
(915, 2),
(915, 3),
(916, 2),
(916, 4),
(917, 5),
(918, 4),
(919, 2),
(920, 2),
(920, 3),
(920, 5),
(921, 2),
(922, 3),
(923, 2),
(923, 4),
(923, 5),
(924, 1),
(925, 1),
(926, 3),
(926, 4),
(926, 5),
(927, 1),
(927, 3),
(927, 4),
(928, 4),
(929, 3),
(929, 4),
(930, 1),
(931, 4),
(932, 1),
(932, 2),
(932, 5),
(933, 4),
(934, 2),
(934, 4),
(935, 5),
(936, 2),
(936, 4),
(936, 5),
(937, 2),
(937, 5),
(938, 2),
(938, 3),
(939, 3),
(940, 4),
(941, 5),
(942, 1),
(943, 2),
(944, 3),
(944, 4),
(944, 5),
(945, 1),
(945, 5),
(946, 1),
(946, 5),
(947, 1),
(947, 2),
(948, 2),
(949, 1),
(950, 4),
(951, 2),
(951, 3),
(952, 3),
(952, 4),
(952, 5),
(953, 1),
(954, 1),
(955, 2),
(955, 3),
(956, 4),
(957, 1),
(957, 2),
(957, 4),
(958, 2),
(958, 3),
(958, 5),
(959, 1),
(959, 3),
(960, 1),
(960, 3),
(961, 1),
(961, 2),
(961, 3),
(962, 1),
(962, 4),
(962, 5),
(963, 1),
(963, 2),
(963, 3),
(964, 1),
(964, 2),
(964, 3),
(965, 3),
(966, 4),
(967, 2),
(967, 3),
(968, 1),
(968, 3),
(968, 5),
(969, 3),
(969, 4),
(969, 5),
(970, 1),
(970, 2),
(970, 3),
(971, 4),
(972, 1),
(972, 5),
(973, 5),
(974, 3),
(974, 4),
(975, 2),
(975, 5),
(976, 1),
(976, 3),
(976, 5),
(977, 2),
(977, 3),
(978, 1),
(978, 2),
(978, 4),
(979, 1),
(979, 3),
(979, 4),
(980, 5),
(981, 1),
(981, 5),
(982, 1),
(983, 2),
(983, 5),
(984, 5),
(985, 1),
(985, 5),
(986, 2),
(986, 4),
(987, 1),
(987, 4),
(987, 5),
(988, 1),
(988, 2),
(988, 4),
(989, 4),
(989, 5),
(990, 2),
(990, 3),
(990, 4),
(991, 3),
(991, 5),
(992, 1),
(992, 3),
(992, 4),
(993, 1),
(994, 3),
(995, 2),
(995, 3),
(995, 5),
(996, 2),
(996, 3),
(996, 4),
(997, 3),
(998, 1),
(998, 3),
(998, 4),
(999, 1),
(999, 3),
(999, 5),
(1000, 2),
(1000, 3),
(1000, 5),
(1001, 1),
(1001, 2),
(1001, 9),
(1002, 3),
(1002, 4),
(1003, 1),
(1003, 5),
(1003, 9),
(1004, 8),
(1005, 4),
(1006, 1),
(1006, 5),
(1007, 1),
(1007, 9);

-- --------------------------------------------------------

--
-- Table structure for table `tb_genre`
--

CREATE TABLE `tb_genre` (
  `id_genre` int(11) NOT NULL,
  `nama_genre` varchar(100) NOT NULL
) ENGINE=InnoDB DEFAULT CHARSET=utf8mb4 COLLATE=utf8mb4_general_ci;

--
-- Dumping data for table `tb_genre`
--

INSERT INTO `tb_genre` (`id_genre`, `nama_genre`) VALUES
(1, 'Fantasi'),
(2, 'Sejarah'),
(3, 'Komedi'),
(4, 'Romantis'),
(5, 'Petualangan'),
(8, 'Horor'),
(9, 'Misteri');

-- --------------------------------------------------------

--
-- Table structure for table `tb_kategori`
--

CREATE TABLE `tb_kategori` (
  `id_kategori` int(11) NOT NULL,
  `nama_kategori` varchar(100) NOT NULL
) ENGINE=InnoDB DEFAULT CHARSET=utf8mb4 COLLATE=utf8mb4_general_ci;

--
-- Dumping data for table `tb_kategori`
--

INSERT INTO `tb_kategori` (`id_kategori`, `nama_kategori`) VALUES
(1, 'Komik'),
(2, 'Novel'),
(3, 'Ensiklopedi'),
(4, 'Antologi'),
(5, 'Biografi'),
(6, 'Karya Ilmiah'),
(7, 'Kamus'),
(8, 'Atlas'),
(9, 'Majalah'),
(10, 'Tafsir'),
(11, 'Panduan'),
(12, 'Teks'),
(13, 'Dongeng');

-- --------------------------------------------------------

--
-- Table structure for table `tb_peminjam`
--

CREATE TABLE `tb_peminjam` (
  `id_peminjam` int(11) NOT NULL,
  `nama_peminjam` varchar(100) NOT NULL,
  `no_hp` varchar(20) DEFAULT NULL,
  `alamat` text DEFAULT NULL
) ENGINE=InnoDB DEFAULT CHARSET=utf8mb4 COLLATE=utf8mb4_general_ci;

--
-- Dumping data for table `tb_peminjam`
--

INSERT INTO `tb_peminjam` (`id_peminjam`, `nama_peminjam`, `no_hp`, `alamat`) VALUES
(1, 'Arthur', '081122223333', 'Yogyakarta'),
(2, 'Cinthia', '085266661111', 'Sleman');

-- --------------------------------------------------------

--
-- Table structure for table `tb_peminjaman`
--

CREATE TABLE `tb_peminjaman` (
  `id_peminjaman` int(11) NOT NULL,
  `id_buku` int(11) DEFAULT NULL,
  `id_peminjam` int(11) DEFAULT NULL,
  `tanggal_pinjam` date DEFAULT NULL,
  `tanggal_kembali` date DEFAULT NULL,
  `status` enum('Dipinjam','Dikembalikan','Terlambat') DEFAULT 'Dipinjam'
) ENGINE=InnoDB DEFAULT CHARSET=utf8mb4 COLLATE=utf8mb4_general_ci;

--
-- Dumping data for table `tb_peminjaman`
--

INSERT INTO `tb_peminjaman` (`id_peminjaman`, `id_buku`, `id_peminjam`, `tanggal_pinjam`, `tanggal_kembali`, `status`) VALUES
(1, 1, 1, '2025-07-14', '2025-07-16', 'Dikembalikan'),
(2, 2, 1, '2025-07-15', '2025-07-31', 'Dipinjam'),
(3, 2, 2, '2025-07-16', '2025-07-19', 'Dipinjam');

-- --------------------------------------------------------

--
-- Table structure for table `tb_penulis`
--

CREATE TABLE `tb_penulis` (
  `id_penulis` int(11) NOT NULL,
  `nama_penulis` varchar(100) NOT NULL
) ENGINE=InnoDB DEFAULT CHARSET=utf8mb4 COLLATE=utf8mb4_general_ci;

--
-- Dumping data for table `tb_penulis`
--

INSERT INTO `tb_penulis` (`id_penulis`, `nama_penulis`) VALUES
(1, 'Rhea'),
(2, 'Cuttlefish'),
(3, 'Fyodor Dostoyevsky'),
(4, 'Leo Tolstoy'),
(5, 'Charles Dickens'),
(6, 'Jane Austen'),
(7, 'Victor Hugo'),
(8, 'George Orwell'),
(9, 'Mark Twain'),
(10, 'Miguel de Cervantes'),
(11, 'J.R.R. Tolkien'),
(12, 'James Joyce'),
(13, 'K. Rowling'),
(14, 'S. Lewis'),
(15, 'Nora Robert'),
(16, 'Eiichiro Oda');

-- --------------------------------------------------------

--
-- Table structure for table `tb_profil_user`
--

CREATE TABLE `tb_profil_user` (
  `id_user` int(11) NOT NULL,
  `nama_lengkap` varchar(100) DEFAULT NULL,
  `foto` text DEFAULT NULL
) ENGINE=InnoDB DEFAULT CHARSET=utf8mb4 COLLATE=utf8mb4_general_ci;

--
-- Dumping data for table `tb_profil_user`
--

INSERT INTO `tb_profil_user` (`id_user`, `nama_lengkap`, `foto`) VALUES
(1, 'AAAAG', '6877cc008a54b_Rectangle.png\r\n');

-- --------------------------------------------------------

--
-- Table structure for table `tb_user`
--

CREATE TABLE `tb_user` (
  `id_user` int(11) NOT NULL,
  `username` varchar(50) NOT NULL,
  `nama_lengkap` varchar(100) DEFAULT NULL,
  `email` varchar(100) DEFAULT NULL,
  `foto` varchar(255) DEFAULT 'default.png',
  `password` varchar(255) NOT NULL
) ENGINE=InnoDB DEFAULT CHARSET=utf8mb4 COLLATE=utf8mb4_general_ci;

--
-- Dumping data for table `tb_user`
--

INSERT INTO `tb_user` (`id_user`, `username`, `nama_lengkap`, `email`, `foto`, `password`) VALUES
(1, 'admin', 'AAAAG', 'admin@gmail.com', '6877cc008a54b_Rectangle.png', '0192023a7bbd73250516f069df18b500');

-- --------------------------------------------------------

--
-- Stand-in structure for view `view_buku_dengan_genre`
-- (See below for the actual view)
--
CREATE TABLE `view_buku_dengan_genre` (
`id_buku` int(11)
,`judul_buku` varchar(200)
,`tahun_terbit` year(4)
,`nama_kategori` varchar(100)
,`nama_penulis` varchar(100)
,`genre` mediumtext
);

-- --------------------------------------------------------

--
-- Structure for view `view_buku_dengan_genre`
--
DROP TABLE IF EXISTS `view_buku_dengan_genre`;

CREATE ALGORITHM=UNDEFINED DEFINER=`root`@`localhost` SQL SECURITY DEFINER VIEW `view_buku_dengan_genre`  AS SELECT `b`.`id_buku` AS `id_buku`, `b`.`judul_buku` AS `judul_buku`, `b`.`tahun_terbit` AS `tahun_terbit`, `k`.`nama_kategori` AS `nama_kategori`, `p`.`nama_penulis` AS `nama_penulis`, group_concat(`g`.`nama_genre` separator ', ') AS `genre` FROM ((((`tb_buku` `b` left join `tb_kategori` `k` on(`b`.`id_kategori` = `k`.`id_kategori`)) left join `tb_penulis` `p` on(`b`.`id_penulis` = `p`.`id_penulis`)) left join `tb_buku_genre` `bg` on(`b`.`id_buku` = `bg`.`id_buku`)) left join `tb_genre` `g` on(`bg`.`id_genre` = `g`.`id_genre`)) GROUP BY `b`.`id_buku` ;

--
-- Indexes for dumped tables
--

--
-- Indexes for table `tb_buku`
--
ALTER TABLE `tb_buku`
  ADD PRIMARY KEY (`id_buku`),
  ADD KEY `id_kategori` (`id_kategori`),
  ADD KEY `id_penulis` (`id_penulis`);

--
-- Indexes for table `tb_buku_genre`
--
ALTER TABLE `tb_buku_genre`
  ADD PRIMARY KEY (`id_buku`,`id_genre`),
  ADD KEY `id_genre` (`id_genre`);

--
-- Indexes for table `tb_genre`
--
ALTER TABLE `tb_genre`
  ADD PRIMARY KEY (`id_genre`);

--
-- Indexes for table `tb_kategori`
--
ALTER TABLE `tb_kategori`
  ADD PRIMARY KEY (`id_kategori`);

--
-- Indexes for table `tb_peminjam`
--
ALTER TABLE `tb_peminjam`
  ADD PRIMARY KEY (`id_peminjam`);

--
-- Indexes for table `tb_peminjaman`
--
ALTER TABLE `tb_peminjaman`
  ADD PRIMARY KEY (`id_peminjaman`),
  ADD KEY `id_buku` (`id_buku`),
  ADD KEY `id_peminjam` (`id_peminjam`);

--
-- Indexes for table `tb_penulis`
--
ALTER TABLE `tb_penulis`
  ADD PRIMARY KEY (`id_penulis`);

--
-- Indexes for table `tb_profil_user`
--
ALTER TABLE `tb_profil_user`
  ADD PRIMARY KEY (`id_user`);

--
-- Indexes for table `tb_user`
--
ALTER TABLE `tb_user`
  ADD PRIMARY KEY (`id_user`);

--
-- AUTO_INCREMENT for dumped tables
--

--
-- AUTO_INCREMENT for table `tb_buku`
--
ALTER TABLE `tb_buku`
  MODIFY `id_buku` int(11) NOT NULL AUTO_INCREMENT, AUTO_INCREMENT=1008;

--
-- AUTO_INCREMENT for table `tb_genre`
--
ALTER TABLE `tb_genre`
  MODIFY `id_genre` int(11) NOT NULL AUTO_INCREMENT, AUTO_INCREMENT=10;

--
-- AUTO_INCREMENT for table `tb_kategori`
--
ALTER TABLE `tb_kategori`
  MODIFY `id_kategori` int(11) NOT NULL AUTO_INCREMENT, AUTO_INCREMENT=17;

--
-- AUTO_INCREMENT for table `tb_peminjam`
--
ALTER TABLE `tb_peminjam`
  MODIFY `id_peminjam` int(11) NOT NULL AUTO_INCREMENT, AUTO_INCREMENT=3;

--
-- AUTO_INCREMENT for table `tb_peminjaman`
--
ALTER TABLE `tb_peminjaman`
  MODIFY `id_peminjaman` int(11) NOT NULL AUTO_INCREMENT, AUTO_INCREMENT=6;

--
-- AUTO_INCREMENT for table `tb_penulis`
--
ALTER TABLE `tb_penulis`
  MODIFY `id_penulis` int(11) NOT NULL AUTO_INCREMENT, AUTO_INCREMENT=17;

--
-- AUTO_INCREMENT for table `tb_user`
--
ALTER TABLE `tb_user`
  MODIFY `id_user` int(11) NOT NULL AUTO_INCREMENT, AUTO_INCREMENT=2;

--
-- Constraints for dumped tables
--

--
-- Constraints for table `tb_buku`
--
ALTER TABLE `tb_buku`
  ADD CONSTRAINT `tb_buku_ibfk_1` FOREIGN KEY (`id_kategori`) REFERENCES `tb_kategori` (`id_kategori`),
  ADD CONSTRAINT `tb_buku_ibfk_2` FOREIGN KEY (`id_penulis`) REFERENCES `tb_penulis` (`id_penulis`);

--
-- Constraints for table `tb_buku_genre`
--
ALTER TABLE `tb_buku_genre`
  ADD CONSTRAINT `tb_buku_genre_ibfk_1` FOREIGN KEY (`id_buku`) REFERENCES `tb_buku` (`id_buku`) ON DELETE CASCADE,
  ADD CONSTRAINT `tb_buku_genre_ibfk_2` FOREIGN KEY (`id_genre`) REFERENCES `tb_genre` (`id_genre`) ON DELETE CASCADE;

--
-- Constraints for table `tb_peminjaman`
--
ALTER TABLE `tb_peminjaman`
  ADD CONSTRAINT `tb_peminjaman_ibfk_1` FOREIGN KEY (`id_buku`) REFERENCES `tb_buku` (`id_buku`),
  ADD CONSTRAINT `tb_peminjaman_ibfk_2` FOREIGN KEY (`id_peminjam`) REFERENCES `tb_peminjam` (`id_peminjam`);

--
-- Constraints for table `tb_profil_user`
--
ALTER TABLE `tb_profil_user`
  ADD CONSTRAINT `tb_profil_user_ibfk_1` FOREIGN KEY (`id_user`) REFERENCES `tb_user` (`id_user`);
COMMIT;

/*!40101 SET CHARACTER_SET_CLIENT=@OLD_CHARACTER_SET_CLIENT */;
/*!40101 SET CHARACTER_SET_RESULTS=@OLD_CHARACTER_SET_RESULTS */;
/*!40101 SET COLLATION_CONNECTION=@OLD_COLLATION_CONNECTION */;
